board,qualification,subject,spec_slug,series,paper_ref,variant,material_type,source_page_url,source_file_url,expected_identity,status
cambridge-international,igcse,mathematics,0580,2022-03,0580/12,2,qp,https://papers.xtremepape.rs/index.php?dirpath=./CAIE/IGCSE/Mathematics+%280580%29/,https://papers.xtremepape.rs/CAIE/IGCSE/Mathematics%20(0580)/0580_m22_qp_12.pdf,Cambridge igcse Cambridge IGCSE Mathematics (0580) 0580/12 2022 February/March question paper,normalized
cambridge-international,igcse,mathematics,0580,2022-03,0580/12,2,ms,https://papers.xtremepape.rs/index.php?dirpath=./CAIE/IGCSE/Mathematics+%280580%29/,https://papers.xtremepape.rs/CAIE/IGCSE/Mathematics%20(0580)/0580_m22_ms_12.pdf,Cambridge igcse Cambridge IGCSE Mathematics (0580) 0580/12 2022 February/March mark scheme,normalized
cambridge-international,igcse,mathematics,0580,2022-03,0580/22,2,qp,https://papers.xtremepape.rs/index.php?dirpath=./CAIE/IGCSE/Mathematics+%280580%29/,https://papers.xtremepape.rs/CAIE/IGCSE/Mathematics%20(0580)/0580_m22_qp_22.pdf,Cambridge igcse Cambridge IGCSE Mathematics (0580) 0580/22 2022 February/March question paper,normalized
cambridge-international,igcse,mathematics,0580,2022-03,0580/22,2,ms,https://papers.xtremepape.rs/index.php?dirpath=./CAIE/IGCSE/Mathematics+%280580%29/,https://papers.xtremepape.rs/CAIE/IGCSE/Mathematics%20(0580)/0580_m22_ms_22.pdf,Cambridge igcse Cambridge IGCSE Mathematics (0580) 0580/22 2022 February/March mark scheme,normalized
cambridge-international,igcse,mathematics,0580,2022-03,0580/42,2,qp,https://papers.xtremepape.rs/index.php?dirpath=./CAIE/IGCSE/Mathematics+%280580%29/,https://papers.xtremepape.rs/CAIE/IGCSE/Mathematics%20(0580)/0580_m22_qp_42.pdf,Cambridge igcse Cambridge IGCSE Mathematics (0580) 0580/42 2022 February/March question paper,normalized
cambridge-international,igcse,mathematics,0580,2022-03,0580/42,2,ms,https://papers.xtremepape.rs/index.php?dirpath=./CAIE/IGCSE/Mathematics+%280580%29/,https://papers.xtremepape.rs/CAIE/IGCSE/Mathematics%20(0580)/0580_m22_ms_42.pdf,Cambridge igcse Cambridge IGCSE Mathematics (0580) 0580/42 2022 February/March mark scheme,normalized
cambridge-international,igcse,mathematics,0580,2023-11,0580/12,1,ms,https://papers.xtremepape.rs/index.php?dirpath=./CAIE/IGCSE/Mathematics+%280580%29/,https://papers.xtremepape.rs/CAIE/IGCSE/Mathematics%20(0580)/0580_w23_ms_12.pdf,Cambridge igcse Cambridge IGCSE Mathematics (0580) 0580/12 2023 October/November mark scheme; not hosted by the source,normalized
cambridge-international,igcse,mathematics,0580,2023-11,0580/13,1,ms,https://papers.xtremepape.rs/index.php?dirpath=./CAIE/IGCSE/Mathematics+%280580%29/,https://papers.xtremepape.rs/CAIE/IGCSE/Mathematics%20(0580)/0580_w23_ms_13.pdf,Cambridge igcse Cambridge IGCSE Mathematics (0580) 0580/13 2023 October/November mark scheme; not hosted by the source,normalized
cambridge-international,igcse,mathematics,0580,2023-11,0580/21,2,ms,https://papers.xtremepape.rs/index.php?dirpath=./CAIE/IGCSE/Mathematics+%280580%29/,https://papers.xtremepape.rs/CAIE/IGCSE/Mathematics%20(0580)/0580_w23_ms_21.pdf,Cambridge igcse Cambridge IGCSE Mathematics (0580) 0580/21 2023 October/November mark scheme; not hosted by the source,normalized
cambridge-international,igcse,mathematics,0580,2023-11,0580/22,2,ms,https://papers.xtremepape.rs/index.php?dirpath=./CAIE/IGCSE/Mathematics+%280580%29/,https://papers.xtremepape.rs/CAIE/IGCSE/Mathematics%20(0580)/0580_w23_ms_22.pdf,Cambridge igcse Cambridge IGCSE Mathematics (0580) 0580/22 2023 October/November mark scheme; not hosted by the source,normalized
cambridge-international,igcse,mathematics,0580,2023-11,0580/23,2,ms,https://papers.xtremepape.rs/index.php?dirpath=./CAIE/IGCSE/Mathematics+%280580%29/,https://papers.xtremepape.rs/CAIE/IGCSE/Mathematics%20(0580)/0580_w23_ms_23.pdf,Cambridge igcse Cambridge IGCSE Mathematics (0580) 0580/23 2023 October/November mark scheme; not hosted by the source,normalized
cambridge-international,igcse,mathematics,0580,2023-11,0580/31,3,ms,https://papers.xtremepape.rs/index.php?dirpath=./CAIE/IGCSE/Mathematics+%280580%29/,https://papers.xtremepape.rs/CAIE/IGCSE/Mathematics%20(0580)/0580_w23_ms_31.pdf,Cambridge igcse Cambridge IGCSE Mathematics (0580) 0580/31 2023 October/November mark scheme; not hosted by the source,normalized
cambridge-international,igcse,mathematics,0580,2023-11,0580/32,3,ms,https://papers.xtremepape.rs/index.php?dirpath=./CAIE/IGCSE/Mathematics+%280580%29/,https://papers.xtremepape.rs/CAIE/IGCSE/Mathematics%20(0580)/0580_w23_ms_32.pdf,Cambridge igcse Cambridge IGCSE Mathematics (0580) 0580/32 2023 October/November mark scheme; not hosted by the source,normalized
cambridge-international,igcse,mathematics,0580,2023-11,0580/33,3,ms,https://papers.xtremepape.rs/index.php?dirpath=./CAIE/IGCSE/Mathematics+%280580%29/,https://papers.xtremepape.rs/CAIE/IGCSE/Mathematics%20(0580)/0580_w23_ms_33.pdf,Cambridge igcse Cambridge IGCSE Mathematics (0580) 0580/33 2023 October/November mark scheme; not hosted by the source,normalized
cambridge-international,igcse,mathematics,0580,2023-11,0580/41,4,ms,https://papers.xtremepape.rs/index.php?dirpath=./CAIE/IGCSE/Mathematics+%280580%29/,https://papers.xtremepape.rs/CAIE/IGCSE/Mathematics%20(0580)/0580_w23_ms_41.pdf,Cambridge igcse Cambridge IGCSE Mathematics (0580) 0580/41 2023 October/November mark scheme; not hosted by the source,normalized
cambridge-international,igcse,mathematics,0580,2023-11,0580/42,4,ms,https://papers.xtremepape.rs/index.php?dirpath=./CAIE/IGCSE/Mathematics+%280580%29/,https://papers.xtremepape.rs/CAIE/IGCSE/Mathematics%20(0580)/0580_w23_ms_42.pdf,Cambridge igcse Cambridge IGCSE Mathematics (0580) 0580/42 2023 October/November mark scheme; not hosted by the source,normalized
cambridge-international,igcse,mathematics,0580,2023-11,0580/43,4,ms,https://papers.xtremepape.rs/index.php?dirpath=./CAIE/IGCSE/Mathematics+%280580%29/,https://papers.xtremepape.rs/CAIE/IGCSE/Mathematics%20(0580)/0580_w23_ms_43.pdf,Cambridge igcse Cambridge IGCSE Mathematics (0580) 0580/43 2023 October/November mark scheme; not hosted by the source,normalized
cambridge-international,igcse,mathematics,0580,2024-06,0580/11,1,ms,https://papers.xtremepape.rs/index.php?dirpath=./CAIE/IGCSE/Mathematics+%280580%29/,https://papers.xtremepape.rs/CAIE/IGCSE/Mathematics%20(0580)/0580_s24_ms_11.pdf,Cambridge igcse Cambridge IGCSE Mathematics (0580) 0580/11 2024 May/June mark scheme; not hosted by the source,normalized
cambridge-international,igcse,mathematics,0580,2024-06,0580/12,1,ms,https://papers.xtremepape.rs/index.php?dirpath=./CAIE/IGCSE/Mathematics+%280580%29/,https://papers.xtremepape.rs/CAIE/IGCSE/Mathematics%20(0580)/0580_s24_ms_12.pdf,Cambridge igcse Cambridge IGCSE Mathematics (0580) 0580/12 2024 May/June mark scheme; not hosted by the source,normalized
cambridge-international,igcse,mathematics,0580,2024-06,0580/13,1,ms,https://papers.xtremepape.rs/index.php?dirpath=./CAIE/IGCSE/Mathematics+%280580%29/,https://papers.xtremepape.rs/CAIE/IGCSE/Mathematics%20(0580)/0580_s24_ms_13.pdf,Cambridge igcse Cambridge IGCSE Mathematics (0580) 0580/13 2024 May/June mark scheme; not hosted by the source,normalized
cambridge-international,igcse,mathematics,0580,2024-06,0580/21,2,ms,https://papers.xtremepape.rs/index.php?dirpath=./CAIE/IGCSE/Mathematics+%280580%29/,https://papers.xtremepape.rs/CAIE/IGCSE/Mathematics%20(0580)/0580_s24_ms_21.pdf,Cambridge igcse Cambridge IGCSE Mathematics (0580) 0580/21 2024 May/June mark scheme; not hosted by the source,normalized
cambridge-international,igcse,mathematics,0580,2024-06,0580/22,2,ms,https://papers.xtremepape.rs/index.php?dirpath=./CAIE/IGCSE/Mathematics+%280580%29/,https://papers.xtremepape.rs/CAIE/IGCSE/Mathematics%20(0580)/0580_s24_ms_22.pdf,Cambridge igcse Cambridge IGCSE Mathematics (0580) 0580/22 2024 May/June mark scheme; not hosted by the source,normalized
cambridge-international,igcse,mathematics,0580,2024-06,0580/23,2,ms,https://papers.xtremepape.rs/index.php?dirpath=./CAIE/IGCSE/Mathematics+%280580%29/,https://papers.xtremepape.rs/CAIE/IGCSE/Mathematics%20(0580)/0580_s24_ms_23.pdf,Cambridge igcse Cambridge IGCSE Mathematics (0580) 0580/23 2024 May/June mark scheme; not hosted by the source,normalized
cambridge-international,igcse,mathematics,0580,2024-06,0580/31,3,ms,https://papers.xtremepape.rs/index.php?dirpath=./CAIE/IGCSE/Mathematics+%280580%29/,https://papers.xtremepape.rs/CAIE/IGCSE/Mathematics%20(0580)/0580_s24_ms_31.pdf,Cambridge igcse Cambridge IGCSE Mathematics (0580) 0580/31 2024 May/June mark scheme; not hosted by the source,normalized
cambridge-international,igcse,mathematics,0580,2024-06,0580/32,3,ms,https://papers.xtremepape.rs/index.php?dirpath=./CAIE/IGCSE/Mathematics+%280580%29/,https://papers.xtremepape.rs/CAIE/IGCSE/Mathematics%20(0580)/0580_s24_ms_32.pdf,Cambridge igcse Cambridge IGCSE Mathematics (0580) 0580/32 2024 May/June mark scheme; not hosted by the source,normalized
cambridge-international,igcse,mathematics,0580,2024-06,0580/33,3,ms,https://papers.xtremepape.rs/index.php?dirpath=./CAIE/IGCSE/Mathematics+%280580%29/,https://papers.xtremepape.rs/CAIE/IGCSE/Mathematics%20(0580)/0580_s24_ms_33.pdf,Cambridge igcse Cambridge IGCSE Mathematics (0580) 0580/33 2024 May/June mark scheme; not hosted by the source,normalized
cambridge-international,igcse,mathematics,0580,2024-06,0580/41,4,ms,https://papers.xtremepape.rs/index.php?dirpath=./CAIE/IGCSE/Mathematics+%280580%29/,https://papers.xtremepape.rs/CAIE/IGCSE/Mathematics%20(0580)/0580_s24_ms_41.pdf,Cambridge igcse Cambridge IGCSE Mathematics (0580) 0580/41 2024 May/June mark scheme; not hosted by the source,normalized
cambridge-international,igcse,mathematics,0580,2024-06,0580/42,4,ms,https://papers.xtremepape.rs/index.php?dirpath=./CAIE/IGCSE/Mathematics+%280580%29/,https://papers.xtremepape.rs/CAIE/IGCSE/Mathematics%20(0580)/0580_s24_ms_42.pdf,Cambridge igcse Cambridge IGCSE Mathematics (0580) 0580/42 2024 May/June mark scheme; not hosted by the source,normalized
cambridge-international,igcse,mathematics,0580,2024-06,0580/43,4,ms,https://papers.xtremepape.rs/index.php?dirpath=./CAIE/IGCSE/Mathematics+%280580%29/,https://papers.xtremepape.rs/CAIE/IGCSE/Mathematics%20(0580)/0580_s24_ms_43.pdf,Cambridge igcse Cambridge IGCSE Mathematics (0580) 0580/43 2024 May/June mark scheme; not hosted by the source,normalized
cambridge-international,igcse,chemistry,0620,2022-03,0620/12,2,qp,https://papers.xtremepape.rs/index.php?dirpath=./CAIE/IGCSE/Chemistry+%280620%29/,https://papers.xtremepape.rs/CAIE/IGCSE/Chemistry%20(0620)/0620_m22_qp_12.pdf,Cambridge igcse Cambridge IGCSE Chemistry (0620) 0620/12 2022 February/March question paper,normalized
cambridge-international,igcse,chemistry,0620,2022-03,0620/12,2,ms,https://papers.xtremepape.rs/index.php?dirpath=./CAIE/IGCSE/Chemistry+%280620%29/,https://papers.xtremepape.rs/CAIE/IGCSE/Chemistry%20(0620)/0620_m22_ms_12.pdf,Cambridge igcse Cambridge IGCSE Chemistry (0620) 0620/12 2022 February/March mark scheme,normalized
cambridge-international,igcse,chemistry,0620,2022-03,0620/22,2,qp,https://papers.xtremepape.rs/index.php?dirpath=./CAIE/IGCSE/Chemistry+%280620%29/,https://papers.xtremepape.rs/CAIE/IGCSE/Chemistry%20(0620)/0620_m22_qp_22.pdf,Cambridge igcse Cambridge IGCSE Chemistry (0620) 0620/22 2022 February/March question paper,normalized
cambridge-international,igcse,chemistry,0620,2022-03,0620/22,2,ms,https://papers.xtremepape.rs/index.php?dirpath=./CAIE/IGCSE/Chemistry+%280620%29/,https://papers.xtremepape.rs/CAIE/IGCSE/Chemistry%20(0620)/0620_m22_ms_22.pdf,Cambridge igcse Cambridge IGCSE Chemistry (0620) 0620/22 2022 February/March mark scheme,normalized
cambridge-international,igcse,chemistry,0620,2022-03,0620/32,2,qp,https://papers.xtremepape.rs/index.php?dirpath=./CAIE/IGCSE/Chemistry+%280620%29/,https://papers.xtremepape.rs/CAIE/IGCSE/Chemistry%20(0620)/0620_m22_qp_32.pdf,Cambridge igcse Cambridge IGCSE Chemistry (0620) 0620/32 2022 February/March question paper,normalized
cambridge-international,igcse,chemistry,0620,2022-03,0620/32,2,ms,https://papers.xtremepape.rs/index.php?dirpath=./CAIE/IGCSE/Chemistry+%280620%29/,https://papers.xtremepape.rs/CAIE/IGCSE/Chemistry%20(0620)/0620_m22_ms_32.pdf,Cambridge igcse Cambridge IGCSE Chemistry (0620) 0620/32 2022 February/March mark scheme,normalized
cambridge-international,igcse,chemistry,0620,2022-03,0620/42,2,qp,https://papers.xtremepape.rs/index.php?dirpath=./CAIE/IGCSE/Chemistry+%280620%29/,https://papers.xtremepape.rs/CAIE/IGCSE/Chemistry%20(0620)/0620_m22_qp_42.pdf,Cambridge igcse Cambridge IGCSE Chemistry (0620) 0620/42 2022 February/March question paper,normalized
cambridge-international,igcse,chemistry,0620,2022-03,0620/42,2,ms,https://papers.xtremepape.rs/index.php?dirpath=./CAIE/IGCSE/Chemistry+%280620%29/,https://papers.xtremepape.rs/CAIE/IGCSE/Chemistry%20(0620)/0620_m22_ms_42.pdf,Cambridge igcse Cambridge IGCSE Chemistry (0620) 0620/42 2022 February/March mark scheme,normalized
cambridge-international,igcse,chemistry,0620,2022-03,0620/52,2,qp,https://papers.xtremepape.rs/index.php?dirpath=./CAIE/IGCSE/Chemistry+%280620%29/,https://papers.xtremepape.rs/CAIE/IGCSE/Chemistry%20(0620)/0620_m22_qp_52.pdf,Cambridge igcse Cambridge IGCSE Chemistry (0620) 0620/52 2022 February/March question paper,normalized
cambridge-international,igcse,chemistry,0620,2022-03,0620/52,2,ms,https://papers.xtremepape.rs/index.php?dirpath=./CAIE/IGCSE/Chemistry+%280620%29/,https://papers.xtremepape.rs/CAIE/IGCSE/Chemistry%20(0620)/0620_m22_ms_52.pdf,Cambridge igcse Cambridge IGCSE Chemistry (0620) 0620/52 2022 February/March mark scheme,normalized
cambridge-international,igcse,chemistry,0620,2022-03,0620/62,2,qp,https://papers.xtremepape.rs/index.php?dirpath=./CAIE/IGCSE/Chemistry+%280620%29/,https://papers.xtremepape.rs/CAIE/IGCSE/Chemistry%20(0620)/0620_m22_qp_62.pdf,Cambridge igcse Cambridge IGCSE Chemistry (0620) 0620/62 2022 February/March question paper,normalized
cambridge-international,igcse,chemistry,0620,2022-03,0620/62,2,ms,https://papers.xtremepape.rs/index.php?dirpath=./CAIE/IGCSE/Chemistry+%280620%29/,https://papers.xtremepape.rs/CAIE/IGCSE/Chemistry%20(0620)/0620_m22_ms_62.pdf,Cambridge igcse Cambridge IGCSE Chemistry (0620) 0620/62 2022 February/March mark scheme,normalized
cambridge-international,igcse,physics,0625,2022-03,0625/12,2,qp,https://papers.xtremepape.rs/index.php?dirpath=./CAIE/IGCSE/Physics+%280625%29/,https://papers.xtremepape.rs/CAIE/IGCSE/Physics%20(0625)/0625_m22_qp_12.pdf,Cambridge igcse Cambridge IGCSE Physics (0625) 0625/12 2022 February/March question paper,normalized
cambridge-international,igcse,physics,0625,2022-03,0625/12,2,ms,https://papers.xtremepape.rs/index.php?dirpath=./CAIE/IGCSE/Physics+%280625%29/,https://papers.xtremepape.rs/CAIE/IGCSE/Physics%20(0625)/0625_m22_ms_12.pdf,Cambridge igcse Cambridge IGCSE Physics (0625) 0625/12 2022 February/March mark scheme,normalized
cambridge-international,igcse,physics,0625,2022-03,0625/22,2,qp,https://papers.xtremepape.rs/index.php?dirpath=./CAIE/IGCSE/Physics+%280625%29/,https://papers.xtremepape.rs/CAIE/IGCSE/Physics%20(0625)/0625_m22_qp_22.pdf,Cambridge igcse Cambridge IGCSE Physics (0625) 0625/22 2022 February/March question paper,normalized
cambridge-international,igcse,physics,0625,2022-03,0625/22,2,ms,https://papers.xtremepape.rs/index.php?dirpath=./CAIE/IGCSE/Physics+%280625%29/,https://papers.xtremepape.rs/CAIE/IGCSE/Physics%20(0625)/0625_m22_ms_22.pdf,Cambridge igcse Cambridge IGCSE Physics (0625) 0625/22 2022 February/March mark scheme,normalized
cambridge-international,igcse,physics,0625,2022-03,0625/32,2,qp,https://papers.xtremepape.rs/index.php?dirpath=./CAIE/IGCSE/Physics+%280625%29/,https://papers.xtremepape.rs/CAIE/IGCSE/Physics%20(0625)/0625_m22_qp_32.pdf,Cambridge igcse Cambridge IGCSE Physics (0625) 0625/32 2022 February/March question paper,normalized
cambridge-international,igcse,physics,0625,2022-03,0625/32,2,ms,https://papers.xtremepape.rs/index.php?dirpath=./CAIE/IGCSE/Physics+%280625%29/,https://papers.xtremepape.rs/CAIE/IGCSE/Physics%20(0625)/0625_m22_ms_32.pdf,Cambridge igcse Cambridge IGCSE Physics (0625) 0625/32 2022 February/March mark scheme,normalized
cambridge-international,igcse,physics,0625,2022-03,0625/42,2,qp,https://papers.xtremepape.rs/index.php?dirpath=./CAIE/IGCSE/Physics+%280625%29/,https://papers.xtremepape.rs/CAIE/IGCSE/Physics%20(0625)/0625_m22_qp_42.pdf,Cambridge igcse Cambridge IGCSE Physics (0625) 0625/42 2022 February/March question paper,normalized
cambridge-international,igcse,physics,0625,2022-03,0625/42,2,ms,https://papers.xtremepape.rs/index.php?dirpath=./CAIE/IGCSE/Physics+%280625%29/,https://papers.xtremepape.rs/CAIE/IGCSE/Physics%20(0625)/0625_m22_ms_42.pdf,Cambridge igcse Cambridge IGCSE Physics (0625) 0625/42 2022 February/March mark scheme,normalized
cambridge-international,igcse,physics,0625,2022-03,0625/52,2,qp,https://papers.xtremepape.rs/index.php?dirpath=./CAIE/IGCSE/Physics+%280625%29/,https://papers.xtremepape.rs/CAIE/IGCSE/Physics%20(0625)/0625_m22_qp_52.pdf,Cambridge igcse Cambridge IGCSE Physics (0625) 0625/52 2022 February/March question paper,normalized
cambridge-international,igcse,physics,0625,2022-03,0625/52,2,ms,https://papers.xtremepape.rs/index.php?dirpath=./CAIE/IGCSE/Physics+%280625%29/,https://papers.xtremepape.rs/CAIE/IGCSE/Physics%20(0625)/0625_m22_ms_52.pdf,Cambridge igcse Cambridge IGCSE Physics (0625) 0625/52 2022 February/March mark scheme,normalized
cambridge-international,igcse,physics,0625,2022-03,0625/62,2,qp,https://papers.xtremepape.rs/index.php?dirpath=./CAIE/IGCSE/Physics+%280625%29/,https://papers.xtremepape.rs/CAIE/IGCSE/Physics%20(0625)/0625_m22_qp_62.pdf,Cambridge igcse Cambridge IGCSE Physics (0625) 0625/62 2022 February/March question paper,normalized
cambridge-international,igcse,physics,0625,2022-03,0625/62,2,ms,https://papers.xtremepape.rs/index.php?dirpath=./CAIE/IGCSE/Physics+%280625%29/,https://papers.xtremepape.rs/CAIE/IGCSE/Physics%20(0625)/0625_m22_ms_62.pdf,Cambridge igcse Cambridge IGCSE Physics (0625) 0625/62 2022 February/March mark scheme,normalized
cambridge-international,ial,mathematics,9709,2021-11,9709/11,1,qp,https://papers.xtremepape.rs/index.php?dirpath=./CAIE/AS+and+A+Level/Mathematics+%289709%29/,https://papers.xtremepape.rs/CAIE/AS%20and%20A%20Level/Mathematics%20(9709)/9709_w21_qp_11.pdf,Cambridge ial Cambridge International AS & A Level Mathematics (9709) 9709/11 2021 October/November question paper,normalized
cambridge-international,ial,mathematics,9709,2021-11,9709/11,1,ms,https://papers.xtremepape.rs/index.php?dirpath=./CAIE/AS+and+A+Level/Mathematics+%289709%29/,https://papers.xtremepape.rs/CAIE/AS%20and%20A%20Level/Mathematics%20(9709)/9709_w21_ms_11.pdf,Cambridge ial Cambridge International AS & A Level Mathematics (9709) 9709/11 2021 October/November mark scheme,normalized
cambridge-international,ial,mathematics,9709,2021-11,9709/12,2,qp,https://papers.xtremepape.rs/index.php?dirpath=./CAIE/AS+and+A+Level/Mathematics+%289709%29/,https://papers.xtremepape.rs/CAIE/AS%20and%20A%20Level/Mathematics%20(9709)/9709_w21_qp_12.pdf,Cambridge ial Cambridge International AS & A Level Mathematics (9709) 9709/12 2021 October/November question paper,normalized
cambridge-international,ial,mathematics,9709,2021-11,9709/12,2,ms,https://papers.xtremepape.rs/index.php?dirpath=./CAIE/AS+and+A+Level/Mathematics+%289709%29/,https://papers.xtremepape.rs/CAIE/AS%20and%20A%20Level/Mathematics%20(9709)/9709_w21_ms_12.pdf,Cambridge ial Cambridge International AS & A Level Mathematics (9709) 9709/12 2021 October/November mark scheme,normalized
cambridge-international,ial,mathematics,9709,2021-11,9709/13,3,qp,https://papers.xtremepape.rs/index.php?dirpath=./CAIE/AS+and+A+Level/Mathematics+%289709%29/,https://papers.xtremepape.rs/CAIE/AS%20and%20A%20Level/Mathematics%20(9709)/9709_w21_qp_13.pdf,Cambridge ial Cambridge International AS & A Level Mathematics (9709) 9709/13 2021 October/November question paper,normalized
cambridge-international,ial,mathematics,9709,2021-11,9709/13,3,ms,https://papers.xtremepape.rs/index.php?dirpath=./CAIE/AS+and+A+Level/Mathematics+%289709%29/,https://papers.xtremepape.rs/CAIE/AS%20and%20A%20Level/Mathematics%20(9709)/9709_w21_ms_13.pdf,Cambridge ial Cambridge International AS & A Level Mathematics (9709) 9709/13 2021 October/November mark scheme,normalized
cambridge-international,ial,mathematics,9709,2021-11,9709/21,1,qp,https://papers.xtremepape.rs/index.php?dirpath=./CAIE/AS+and+A+Level/Mathematics+%289709%29/,https://papers.xtremepape.rs/CAIE/AS%20and%20A%20Level/Mathematics%20(9709)/9709_w21_qp_21.pdf,Cambridge ial Cambridge International AS & A Level Mathematics (9709) 9709/21 2021 October/November question paper,normalized
cambridge-international,ial,mathematics,9709,2021-11,9709/21,1,ms,https://papers.xtremepape.rs/index.php?dirpath=./CAIE/AS+and+A+Level/Mathematics+%289709%29/,https://papers.xtremepape.rs/CAIE/AS%20and%20A%20Level/Mathematics%20(9709)/9709_w21_ms_21.pdf,Cambridge ial Cambridge International AS & A Level Mathematics (9709) 9709/21 2021 October/November mark scheme,normalized
cambridge-international,ial,mathematics,9709,2021-11,9709/22,2,qp,https://papers.xtremepape.rs/index.php?dirpath=./CAIE/AS+and+A+Level/Mathematics+%289709%29/,https://papers.xtremepape.rs/CAIE/AS%20and%20A%20Level/Mathematics%20(9709)/9709_w21_qp_22.pdf,Cambridge ial Cambridge International AS & A Level Mathematics (9709) 9709/22 2021 October/November question paper,normalized
cambridge-international,ial,mathematics,9709,2021-11,9709/22,2,ms,https://papers.xtremepape.rs/index.php?dirpath=./CAIE/AS+and+A+Level/Mathematics+%289709%29/,https://papers.xtremepape.rs/CAIE/AS%20and%20A%20Level/Mathematics%20(9709)/9709_w21_ms_22.pdf,Cambridge ial Cambridge International AS & A Level Mathematics (9709) 9709/22 2021 October/November mark scheme,normalized
cambridge-international,ial,mathematics,9709,2021-11,9709/23,3,qp,https://papers.xtremepape.rs/index.php?dirpath=./CAIE/AS+and+A+Level/Mathematics+%289709%29/,https://papers.xtremepape.rs/CAIE/AS%20and%20A%20Level/Mathematics%20(9709)/9709_w21_qp_23.pdf,Cambridge ial Cambridge International AS & A Level Mathematics (9709) 9709/23 2021 October/November question paper,normalized
cambridge-international,ial,mathematics,9709,2021-11,9709/23,3,ms,https://papers.xtremepape.rs/index.php?dirpath=./CAIE/AS+and+A+Level/Mathematics+%289709%29/,https://papers.xtremepape.rs/CAIE/AS%20and%20A%20Level/Mathematics%20(9709)/9709_w21_ms_23.pdf,Cambridge ial Cambridge International AS & A Level Mathematics (9709) 9709/23 2021 October/November mark scheme,normalized
cambridge-international,ial,mathematics,9709,2021-11,9709/31,1,qp,https://papers.xtremepape.rs/index.php?dirpath=./CAIE/AS+and+A+Level/Mathematics+%289709%29/,https://papers.xtremepape.rs/CAIE/AS%20and%20A%20Level/Mathematics%20(9709)/9709_w21_qp_31.pdf,Cambridge ial Cambridge International AS & A Level Mathematics (9709) 9709/31 2021 October/November question paper,normalized
cambridge-international,ial,mathematics,9709,2021-11,9709/31,1,ms,https://papers.xtremepape.rs/index.php?dirpath=./CAIE/AS+and+A+Level/Mathematics+%289709%29/,https://papers.xtremepape.rs/CAIE/AS%20and%20A%20Level/Mathematics%20(9709)/9709_w21_ms_31.pdf,Cambridge ial Cambridge International AS & A Level Mathematics (9709) 9709/31 2021 October/November mark scheme,normalized
cambridge-international,ial,mathematics,9709,2021-11,9709/32,2,qp,https://papers.xtremepape.rs/index.php?dirpath=./CAIE/AS+and+A+Level/Mathematics+%289709%29/,https://papers.xtremepape.rs/CAIE/AS%20and%20A%20Level/Mathematics%20(9709)/9709_w21_qp_32.pdf,Cambridge ial Cambridge International AS & A Level Mathematics (9709) 9709/32 2021 October/November question paper,normalized
cambridge-international,ial,mathematics,9709,2021-11,9709/32,2,ms,https://papers.xtremepape.rs/index.php?dirpath=./CAIE/AS+and+A+Level/Mathematics+%289709%29/,https://papers.xtremepape.rs/CAIE/AS%20and%20A%20Level/Mathematics%20(9709)/9709_w21_ms_32.pdf,Cambridge ial Cambridge International AS & A Level Mathematics (9709) 9709/32 2021 October/November mark scheme,normalized
cambridge-international,ial,mathematics,9709,2021-11,9709/33,3,qp,https://papers.xtremepape.rs/index.php?dirpath=./CAIE/AS+and+A+Level/Mathematics+%289709%29/,https://papers.xtremepape.rs/CAIE/AS%20and%20A%20Level/Mathematics%20(9709)/9709_w21_qp_33.pdf,Cambridge ial Cambridge International AS & A Level Mathematics (9709) 9709/33 2021 October/November question paper,normalized
cambridge-international,ial,mathematics,9709,2021-11,9709/33,3,ms,https://papers.xtremepape.rs/index.php?dirpath=./CAIE/AS+and+A+Level/Mathematics+%289709%29/,https://papers.xtremepape.rs/CAIE/AS%20and%20A%20Level/Mathematics%20(9709)/9709_w21_ms_33.pdf,Cambridge ial Cambridge International AS & A Level Mathematics (9709) 9709/33 2021 October/November mark scheme,normalized
cambridge-international,ial,mathematics,9709,2021-11,9709/41,1,qp,https://papers.xtremepape.rs/index.php?dirpath=./CAIE/AS+and+A+Level/Mathematics+%289709%29/,https://papers.xtremepape.rs/CAIE/AS%20and%20A%20Level/Mathematics%20(9709)/9709_w21_qp_41.pdf,Cambridge ial Cambridge International AS & A Level Mathematics (9709) 9709/41 2021 October/November question paper,normalized
cambridge-international,ial,mathematics,9709,2021-11,9709/41,1,ms,https://papers.xtremepape.rs/index.php?dirpath=./CAIE/AS+and+A+Level/Mathematics+%289709%29/,https://papers.xtremepape.rs/CAIE/AS%20and%20A%20Level/Mathematics%20(9709)/9709_w21_ms_41.pdf,Cambridge ial Cambridge International AS & A Level Mathematics (9709) 9709/41 2021 October/November mark scheme,normalized
cambridge-international,ial,mathematics,9709,2021-11,9709/42,2,qp,https://papers.xtremepape.rs/index.php?dirpath=./CAIE/AS+and+A+Level/Mathematics+%289709%29/,https://papers.xtremepape.rs/CAIE/AS%20and%20A%20Level/Mathematics%20(9709)/9709_w21_qp_42.pdf,Cambridge ial Cambridge International AS & A Level Mathematics (9709) 9709/42 2021 October/November question paper,normalized
cambridge-international,ial,mathematics,9709,2021-11,9709/42,2,ms,https://papers.xtremepape.rs/index.php?dirpath=./CAIE/AS+and+A+Level/Mathematics+%289709%29/,https://papers.xtremepape.rs/CAIE/AS%20and%20A%20Level/Mathematics%20(9709)/9709_w21_ms_42.pdf,Cambridge ial Cambridge International AS & A Level Mathematics (9709) 9709/42 2021 October/November mark scheme,normalized
cambridge-international,ial,mathematics,9709,2021-11,9709/43,3,qp,https://papers.xtremepape.rs/index.php?dirpath=./CAIE/AS+and+A+Level/Mathematics+%289709%29/,https://papers.xtremepape.rs/CAIE/AS%20and%20A%20Level/Mathematics%20(9709)/9709_w21_qp_43.pdf,Cambridge ial Cambridge International AS & A Level Mathematics (9709) 9709/43 2021 October/November question paper,normalized
cambridge-international,ial,mathematics,9709,2021-11,9709/43,3,ms,https://papers.xtremepape.rs/index.php?dirpath=./CAIE/AS+and+A+Level/Mathematics+%289709%29/,https://papers.xtremepape.rs/CAIE/AS%20and%20A%20Level/Mathematics%20(9709)/9709_w21_ms_43.pdf,Cambridge ial Cambridge International AS & A Level Mathematics (9709) 9709/43 2021 October/November mark scheme,normalized
cambridge-international,ial,mathematics,9709,2021-11,9709/51,1,qp,https://papers.xtremepape.rs/index.php?dirpath=./CAIE/AS+and+A+Level/Mathematics+%289709%29/,https://papers.xtremepape.rs/CAIE/AS%20and%20A%20Level/Mathematics%20(9709)/9709_w21_qp_51.pdf,Cambridge ial Cambridge International AS & A Level Mathematics (9709) 9709/51 2021 October/November question paper,normalized
cambridge-international,ial,mathematics,9709,2021-11,9709/51,1,ms,https://papers.xtremepape.rs/index.php?dirpath=./CAIE/AS+and+A+Level/Mathematics+%289709%29/,https://papers.xtremepape.rs/CAIE/AS%20and%20A%20Level/Mathematics%20(9709)/9709_w21_ms_51.pdf,Cambridge ial Cambridge International AS & A Level Mathematics (9709) 9709/51 2021 October/November mark scheme,normalized
cambridge-international,ial,mathematics,9709,2021-11,9709/52,2,qp,https://papers.xtremepape.rs/index.php?dirpath=./CAIE/AS+and+A+Level/Mathematics+%289709%29/,https://papers.xtremepape.rs/CAIE/AS%20and%20A%20Level/Mathematics%20(9709)/9709_w21_qp_52.pdf,Cambridge ial Cambridge International AS & A Level Mathematics (9709) 9709/52 2021 October/November question paper,normalized
cambridge-international,ial,mathematics,9709,2021-11,9709/52,2,ms,https://papers.xtremepape.rs/index.php?dirpath=./CAIE/AS+and+A+Level/Mathematics+%289709%29/,https://papers.xtremepape.rs/CAIE/AS%20and%20A%20Level/Mathematics%20(9709)/9709_w21_ms_52.pdf,Cambridge ial Cambridge International AS & A Level Mathematics (9709) 9709/52 2021 October/November mark scheme,normalized
cambridge-international,ial,mathematics,9709,2021-11,9709/53,3,qp,https://papers.xtremepape.rs/index.php?dirpath=./CAIE/AS+and+A+Level/Mathematics+%289709%29/,https://papers.xtremepape.rs/CAIE/AS%20and%20A%20Level/Mathematics%20(9709)/9709_w21_qp_53.pdf,Cambridge ial Cambridge International AS & A Level Mathematics (9709) 9709/53 2021 October/November question paper,normalized
cambridge-international,ial,mathematics,9709,2021-11,9709/53,3,ms,https://papers.xtremepape.rs/index.php?dirpath=./CAIE/AS+and+A+Level/Mathematics+%289709%29/,https://papers.xtremepape.rs/CAIE/AS%20and%20A%20Level/Mathematics%20(9709)/9709_w21_ms_53.pdf,Cambridge ial Cambridge International AS & A Level Mathematics (9709) 9709/53 2021 October/November mark scheme,normalized
cambridge-international,ial,mathematics,9709,2021-11,9709/61,1,qp,https://papers.xtremepape.rs/index.php?dirpath=./CAIE/AS+and+A+Level/Mathematics+%289709%29/,https://papers.xtremepape.rs/CAIE/AS%20and%20A%20Level/Mathematics%20(9709)/9709_w21_qp_61.pdf,Cambridge ial Cambridge International AS & A Level Mathematics (9709) 9709/61 2021 October/November question paper,normalized
cambridge-international,ial,mathematics,9709,2021-11,9709/61,1,ms,https://papers.xtremepape.rs/index.php?dirpath=./CAIE/AS+and+A+Level/Mathematics+%289709%29/,https://papers.xtremepape.rs/CAIE/AS%20and%20A%20Level/Mathematics%20(9709)/9709_w21_ms_61.pdf,Cambridge ial Cambridge International AS & A Level Mathematics (9709) 9709/61 2021 October/November mark scheme,normalized
cambridge-international,ial,mathematics,9709,2021-11,9709/62,2,qp,https://papers.xtremepape.rs/index.php?dirpath=./CAIE/AS+and+A+Level/Mathematics+%289709%29/,https://papers.xtremepape.rs/CAIE/AS%20and%20A%20Level/Mathematics%20(9709)/9709_w21_qp_62.pdf,Cambridge ial Cambridge International AS & A Level Mathematics (9709) 9709/62 2021 October/November question paper,normalized
cambridge-international,ial,mathematics,9709,2021-11,9709/62,2,ms,https://papers.xtremepape.rs/index.php?dirpath=./CAIE/AS+and+A+Level/Mathematics+%289709%29/,https://papers.xtremepape.rs/CAIE/AS%20and%20A%20Level/Mathematics%20(9709)/9709_w21_ms_62.pdf,Cambridge ial Cambridge International AS & A Level Mathematics (9709) 9709/62 2021 October/November mark scheme,normalized
cambridge-international,ial,mathematics,9709,2021-11,9709/63,3,qp,https://papers.xtremepape.rs/index.php?dirpath=./CAIE/AS+and+A+Level/Mathematics+%289709%29/,https://papers.xtremepape.rs/CAIE/AS%20and%20A%20Level/Mathematics%20(9709)/9709_w21_qp_63.pdf,Cambridge ial Cambridge International AS & A Level Mathematics (9709) 9709/63 2021 October/November question paper,normalized
cambridge-international,ial,mathematics,9709,2021-11,9709/63,3,ms,https://papers.xtremepape.rs/index.php?dirpath=./CAIE/AS+and+A+Level/Mathematics+%289709%29/,https://papers.xtremepape.rs/CAIE/AS%20and%20A%20Level/Mathematics%20(9709)/9709_w21_ms_63.pdf,Cambridge ial Cambridge International AS & A Level Mathematics (9709) 9709/63 2021 October/November mark scheme,normalized
cambridge-international,igcse,mathematics,0580,2021-03,0580/32,2,qp,https://papers.xtremepape.rs/index.php?dirpath=./CAIE/IGCSE/Mathematics+%280580%29/,https://papers.xtremepape.rs/CAIE/IGCSE/Mathematics%20(0580)/0580_m21_qp_32.pdf,Cambridge igcse Cambridge IGCSE Mathematics (0580) 0580/32 2021 February/March 2021 question paper,normalized
cambridge-international,igcse,mathematics,0580,2021-03,0580/32,2,ms,https://papers.xtremepape.rs/index.php?dirpath=./CAIE/IGCSE/Mathematics+%280580%29/,https://papers.xtremepape.rs/CAIE/IGCSE/Mathematics%20(0580)/0580_m21_ms_32.pdf,Cambridge igcse Cambridge IGCSE Mathematics (0580) 0580/32 2021 February/March 2021 mark scheme,normalized
cambridge-international,igcse,mathematics,0580,2022-03,0580/32,2,qp,https://papers.xtremepape.rs/index.php?dirpath=./CAIE/IGCSE/Mathematics+%280580%29/,https://papers.xtremepape.rs/CAIE/IGCSE/Mathematics%20(0580)/0580_m22_qp_32.pdf,Cambridge igcse Cambridge IGCSE Mathematics (0580) 0580/32 2022 February/March 2022 question paper,normalized
cambridge-international,igcse,mathematics,0580,2022-03,0580/32,2,ms,https://papers.xtremepape.rs/index.php?dirpath=./CAIE/IGCSE/Mathematics+%280580%29/,https://papers.xtremepape.rs/CAIE/IGCSE/Mathematics%20(0580)/0580_m22_ms_32.pdf,Cambridge igcse Cambridge IGCSE Mathematics (0580) 0580/32 2022 February/March 2022 mark scheme,normalized
cambridge-international,igcse,mathematics,0580,2021-06,0580/31,1,qp,https://papers.xtremepape.rs/index.php?dirpath=./CAIE/IGCSE/Mathematics+%280580%29/,https://papers.xtremepape.rs/CAIE/IGCSE/Mathematics%20(0580)/0580_s21_qp_31.pdf,Cambridge igcse Cambridge IGCSE Mathematics (0580) 0580/31 2021 May/June 2021 question paper,normalized
cambridge-international,igcse,mathematics,0580,2021-06,0580/31,1,ms,https://papers.xtremepape.rs/index.php?dirpath=./CAIE/IGCSE/Mathematics+%280580%29/,https://papers.xtremepape.rs/CAIE/IGCSE/Mathematics%20(0580)/0580_s21_ms_31.pdf,Cambridge igcse Cambridge IGCSE Mathematics (0580) 0580/31 2021 May/June 2021 mark scheme,normalized
cambridge-international,igcse,mathematics,0580,2021-06,0580/32,2,qp,https://papers.xtremepape.rs/index.php?dirpath=./CAIE/IGCSE/Mathematics+%280580%29/,https://papers.xtremepape.rs/CAIE/IGCSE/Mathematics%20(0580)/0580_s21_qp_32.pdf,Cambridge igcse Cambridge IGCSE Mathematics (0580) 0580/32 2021 May/June 2021 question paper,normalized
cambridge-international,igcse,mathematics,0580,2021-06,0580/32,2,ms,https://papers.xtremepape.rs/index.php?dirpath=./CAIE/IGCSE/Mathematics+%280580%29/,https://papers.xtremepape.rs/CAIE/IGCSE/Mathematics%20(0580)/0580_s21_ms_32.pdf,Cambridge igcse Cambridge IGCSE Mathematics (0580) 0580/32 2021 May/June 2021 mark scheme,normalized
cambridge-international,igcse,mathematics,0580,2021-06,0580/33,3,qp,https://papers.xtremepape.rs/index.php?dirpath=./CAIE/IGCSE/Mathematics+%280580%29/,https://papers.xtremepape.rs/CAIE/IGCSE/Mathematics%20(0580)/0580_s21_qp_33.pdf,Cambridge igcse Cambridge IGCSE Mathematics (0580) 0580/33 2021 May/June 2021 question paper,normalized
cambridge-international,igcse,mathematics,0580,2021-06,0580/33,3,ms,https://papers.xtremepape.rs/index.php?dirpath=./CAIE/IGCSE/Mathematics+%280580%29/,https://papers.xtremepape.rs/CAIE/IGCSE/Mathematics%20(0580)/0580_s21_ms_33.pdf,Cambridge igcse Cambridge IGCSE Mathematics (0580) 0580/33 2021 May/June 2021 mark scheme,normalized
cambridge-international,igcse,mathematics,0580,2021-11,0580/31,1,qp,https://papers.xtremepape.rs/index.php?dirpath=./CAIE/IGCSE/Mathematics+%280580%29/,https://papers.xtremepape.rs/CAIE/IGCSE/Mathematics%20(0580)/0580_w21_qp_31.pdf,Cambridge igcse Cambridge IGCSE Mathematics (0580) 0580/31 2021 October/November 2021 question paper,normalized
cambridge-international,igcse,mathematics,0580,2021-11,0580/31,1,ms,https://papers.xtremepape.rs/index.php?dirpath=./CAIE/IGCSE/Mathematics+%280580%29/,https://papers.xtremepape.rs/CAIE/IGCSE/Mathematics%20(0580)/0580_w21_ms_31.pdf,Cambridge igcse Cambridge IGCSE Mathematics (0580) 0580/31 2021 October/November 2021 mark scheme,normalized
cambridge-international,igcse,mathematics,0580,2021-11,0580/32,2,qp,https://papers.xtremepape.rs/index.php?dirpath=./CAIE/IGCSE/Mathematics+%280580%29/,https://papers.xtremepape.rs/CAIE/IGCSE/Mathematics%20(0580)/0580_w21_qp_32.pdf,Cambridge igcse Cambridge IGCSE Mathematics (0580) 0580/32 2021 October/November 2021 question paper,normalized
cambridge-international,igcse,mathematics,0580,2021-11,0580/32,2,ms,https://papers.xtremepape.rs/index.php?dirpath=./CAIE/IGCSE/Mathematics+%280580%29/,https://papers.xtremepape.rs/CAIE/IGCSE/Mathematics%20(0580)/0580_w21_ms_32.pdf,Cambridge igcse Cambridge IGCSE Mathematics (0580) 0580/32 2021 October/November 2021 mark scheme,normalized
cambridge-international,igcse,mathematics,0580,2021-11,0580/33,3,qp,https://papers.xtremepape.rs/index.php?dirpath=./CAIE/IGCSE/Mathematics+%280580%29/,https://papers.xtremepape.rs/CAIE/IGCSE/Mathematics%20(0580)/0580_w21_qp_33.pdf,Cambridge igcse Cambridge IGCSE Mathematics (0580) 0580/33 2021 October/November 2021 question paper,normalized
cambridge-international,igcse,mathematics,0580,2021-11,0580/33,3,ms,https://papers.xtremepape.rs/index.php?dirpath=./CAIE/IGCSE/Mathematics+%280580%29/,https://papers.xtremepape.rs/CAIE/IGCSE/Mathematics%20(0580)/0580_w21_ms_33.pdf,Cambridge igcse Cambridge IGCSE Mathematics (0580) 0580/33 2021 October/November 2021 mark scheme,normalized
cambridge-international,igcse,mathematics,0580,2022-06,0580/31,1,qp,https://papers.xtremepape.rs/index.php?dirpath=./CAIE/IGCSE/Mathematics+%280580%29/,https://papers.xtremepape.rs/CAIE/IGCSE/Mathematics%20(0580)/0580_s22_qp_31.pdf,Cambridge igcse Cambridge IGCSE Mathematics (0580) 0580/31 2022 May/June 2022 question paper,normalized
cambridge-international,igcse,mathematics,0580,2022-06,0580/31,1,ms,https://papers.xtremepape.rs/index.php?dirpath=./CAIE/IGCSE/Mathematics+%280580%29/,https://papers.xtremepape.rs/CAIE/IGCSE/Mathematics%20(0580)/0580_s22_ms_31.pdf,Cambridge igcse Cambridge IGCSE Mathematics (0580) 0580/31 2022 May/June 2022 mark scheme,normalized
cambridge-international,igcse,mathematics,0580,2022-06,0580/32,2,qp,https://papers.xtremepape.rs/index.php?dirpath=./CAIE/IGCSE/Mathematics+%280580%29/,https://papers.xtremepape.rs/CAIE/IGCSE/Mathematics%20(0580)/0580_s22_qp_32.pdf,Cambridge igcse Cambridge IGCSE Mathematics (0580) 0580/32 2022 May/June 2022 question paper,normalized
cambridge-international,igcse,mathematics,0580,2022-06,0580/32,2,ms,https://papers.xtremepape.rs/index.php?dirpath=./CAIE/IGCSE/Mathematics+%280580%29/,https://papers.xtremepape.rs/CAIE/IGCSE/Mathematics%20(0580)/0580_s22_ms_32.pdf,Cambridge igcse Cambridge IGCSE Mathematics (0580) 0580/32 2022 May/June 2022 mark scheme,normalized
cambridge-international,igcse,mathematics,0580,2022-06,0580/33,3,qp,https://papers.xtremepape.rs/index.php?dirpath=./CAIE/IGCSE/Mathematics+%280580%29/,https://papers.xtremepape.rs/CAIE/IGCSE/Mathematics%20(0580)/0580_s22_qp_33.pdf,Cambridge igcse Cambridge IGCSE Mathematics (0580) 0580/33 2022 May/June 2022 question paper,normalized
cambridge-international,igcse,mathematics,0580,2022-06,0580/33,3,ms,https://papers.xtremepape.rs/index.php?dirpath=./CAIE/IGCSE/Mathematics+%280580%29/,https://papers.xtremepape.rs/CAIE/IGCSE/Mathematics%20(0580)/0580_s22_ms_33.pdf,Cambridge igcse Cambridge IGCSE Mathematics (0580) 0580/33 2022 May/June 2022 mark scheme,normalized
cambridge-international,igcse,mathematics,0580,2023-06,0580/31,1,qp,https://papers.xtremepape.rs/index.php?dirpath=./CAIE/IGCSE/Mathematics+%280580%29/,https://papers.xtremepape.rs/CAIE/IGCSE/Mathematics%20(0580)/0580_s23_qp_31.pdf,Cambridge igcse Cambridge IGCSE Mathematics (0580) 0580/31 2023 May/June 2023 question paper,normalized
cambridge-international,igcse,mathematics,0580,2023-06,0580/31,1,ms,https://papers.xtremepape.rs/index.php?dirpath=./CAIE/IGCSE/Mathematics+%280580%29/,https://papers.xtremepape.rs/CAIE/IGCSE/Mathematics%20(0580)/0580_s23_ms_31.pdf,Cambridge igcse Cambridge IGCSE Mathematics (0580) 0580/31 2023 May/June 2023 mark scheme,normalized
cambridge-international,igcse,mathematics,0580,2023-06,0580/32,2,qp,https://papers.xtremepape.rs/index.php?dirpath=./CAIE/IGCSE/Mathematics+%280580%29/,https://papers.xtremepape.rs/CAIE/IGCSE/Mathematics%20(0580)/0580_s23_qp_32.pdf,Cambridge igcse Cambridge IGCSE Mathematics (0580) 0580/32 2023 May/June 2023 question paper,normalized
cambridge-international,igcse,mathematics,0580,2023-06,0580/32,2,ms,https://papers.xtremepape.rs/index.php?dirpath=./CAIE/IGCSE/Mathematics+%280580%29/,https://papers.xtremepape.rs/CAIE/IGCSE/Mathematics%20(0580)/0580_s23_ms_32.pdf,Cambridge igcse Cambridge IGCSE Mathematics (0580) 0580/32 2023 May/June 2023 mark scheme,normalized
cambridge-international,igcse,mathematics,0580,2023-06,0580/33,3,qp,https://papers.xtremepape.rs/index.php?dirpath=./CAIE/IGCSE/Mathematics+%280580%29/,https://papers.xtremepape.rs/CAIE/IGCSE/Mathematics%20(0580)/0580_s23_qp_33.pdf,Cambridge igcse Cambridge IGCSE Mathematics (0580) 0580/33 2023 May/June 2023 question paper,normalized
cambridge-international,igcse,mathematics,0580,2023-06,0580/33,3,ms,https://papers.xtremepape.rs/index.php?dirpath=./CAIE/IGCSE/Mathematics+%280580%29/,https://papers.xtremepape.rs/CAIE/IGCSE/Mathematics%20(0580)/0580_s23_ms_33.pdf,Cambridge igcse Cambridge IGCSE Mathematics (0580) 0580/33 2023 May/June 2023 mark scheme,normalized
cambridge-international,igcse,mathematics,0580,2024-11,0580/31,1,qp,https://papers.xtremepape.rs/index.php?dirpath=./CAIE/IGCSE/Mathematics+%280580%29/,https://papers.xtremepape.rs/CAIE/IGCSE/Mathematics%20(0580)/0580_w24_qp_31.pdf,Cambridge igcse Cambridge IGCSE Mathematics (0580) 0580/31 2024 October/November 2024 question paper,normalized
cambridge-international,igcse,mathematics,0580,2024-11,0580/31,1,ms,https://papers.xtremepape.rs/index.php?dirpath=./CAIE/IGCSE/Mathematics+%280580%29/,https://papers.xtremepape.rs/CAIE/IGCSE/Mathematics%20(0580)/0580_w24_ms_31.pdf,Cambridge igcse Cambridge IGCSE Mathematics (0580) 0580/31 2024 October/November 2024 mark scheme,normalized
cambridge-international,igcse,mathematics,0580,2024-11,0580/32,2,qp,https://papers.xtremepape.rs/index.php?dirpath=./CAIE/IGCSE/Mathematics+%280580%29/,https://papers.xtremepape.rs/CAIE/IGCSE/Mathematics%20(0580)/0580_w24_qp_32.pdf,Cambridge igcse Cambridge IGCSE Mathematics (0580) 0580/32 2024 October/November 2024 question paper,normalized
cambridge-international,igcse,mathematics,0580,2024-11,0580/32,2,ms,https://papers.xtremepape.rs/index.php?dirpath=./CAIE/IGCSE/Mathematics+%280580%29/,https://papers.xtremepape.rs/CAIE/IGCSE/Mathematics%20(0580)/0580_w24_ms_32.pdf,Cambridge igcse Cambridge IGCSE Mathematics (0580) 0580/32 2024 October/November 2024 mark scheme,normalized
cambridge-international,igcse,mathematics,0580,2024-11,0580/33,3,qp,https://papers.xtremepape.rs/index.php?dirpath=./CAIE/IGCSE/Mathematics+%280580%29/,https://papers.xtremepape.rs/CAIE/IGCSE/Mathematics%20(0580)/0580_w24_qp_33.pdf,Cambridge igcse Cambridge IGCSE Mathematics (0580) 0580/33 2024 October/November 2024 question paper,normalized
cambridge-international,igcse,mathematics,0580,2024-11,0580/33,3,ms,https://papers.xtremepape.rs/index.php?dirpath=./CAIE/IGCSE/Mathematics+%280580%29/,https://papers.xtremepape.rs/CAIE/IGCSE/Mathematics%20(0580)/0580_w24_ms_33.pdf,Cambridge igcse Cambridge IGCSE Mathematics (0580) 0580/33 2024 October/November 2024 mark scheme,normalized
cambridge-international,ial,mathematics,9709,2019-03,9709/42,2,ms,https://papers.xtremepape.rs/index.php?dirpath=./CAIE/AS+and+A+Level/Mathematics+%289709%29/,https://papers.xtremepape.rs/CAIE/AS%20and%20A%20Level/Mathematics%20(9709)/9709_m19_ms_42.pdf,Cambridge ial Cambridge International AS & A Level Mathematics (9709) 9709/42 2019 February/March 2019 mark scheme,normalized
cambridge-international,igcse,mathematics,0580,2022-11,0580/31,1,qp,https://www.savemyexams.com/igcse/maths/cie/past-papers/,https://pastpapers.papacambridge.com/directories/CAIE/CAIE-pastpapers/upload/0580_w22_qp_31.pdf,Cambridge igcse Cambridge IGCSE Mathematics (0580) 0580/31 2022 October/November 2022 question paper,normalized
cambridge-international,igcse,mathematics,0580,2022-11,0580/31,1,ms,https://www.savemyexams.com/igcse/maths/cie/past-papers/,https://pastpapers.papacambridge.com/directories/CAIE/CAIE-pastpapers/upload/0580_w22_ms_31.pdf,Cambridge igcse Cambridge IGCSE Mathematics (0580) 0580/31 2022 October/November 2022 mark scheme,normalized
cambridge-international,igcse,mathematics,0580,2022-11,0580/32,2,qp,https://www.savemyexams.com/igcse/maths/cie/past-papers/,https://pastpapers.papacambridge.com/directories/CAIE/CAIE-pastpapers/upload/0580_w22_qp_32.pdf,Cambridge igcse Cambridge IGCSE Mathematics (0580) 0580/32 2022 October/November 2022 question paper,normalized
cambridge-international,igcse,mathematics,0580,2022-11,0580/32,2,ms,https://www.savemyexams.com/igcse/maths/cie/past-papers/,https://pastpapers.papacambridge.com/directories/CAIE/CAIE-pastpapers/upload/0580_w22_ms_32.pdf,Cambridge igcse Cambridge IGCSE Mathematics (0580) 0580/32 2022 October/November 2022 mark scheme,normalized
cambridge-international,igcse,mathematics,0580,2022-11,0580/33,3,qp,https://www.savemyexams.com/igcse/maths/cie/past-papers/,https://pastpapers.papacambridge.com/directories/CAIE/CAIE-pastpapers/upload/0580_w22_qp_33.pdf,Cambridge igcse Cambridge IGCSE Mathematics (0580) 0580/33 2022 October/November 2022 question paper,normalized
cambridge-international,igcse,mathematics,0580,2022-11,0580/33,3,ms,https://www.savemyexams.com/igcse/maths/cie/past-papers/,https://pastpapers.papacambridge.com/directories/CAIE/CAIE-pastpapers/upload/0580_w22_ms_33.pdf,Cambridge igcse Cambridge IGCSE Mathematics (0580) 0580/33 2022 October/November 2022 mark scheme,normalized
cambridge-international,igcse,mathematics,0580,2016-03,0580/12,2,qp,https://www.physicsandmathstutor.com/past-papers/gcse-maths/,https://pmt.physicsandmathstutor.com/download/Maths/GCSE/Past-Papers/CIE/Paper-1/International/QP/March%202016%20QP.pdf,Cambridge IGCSE Cambridge IGCSE Mathematics (0580) 0580/12 2016 February/March question paper,na:held-duplicate
cambridge-international,igcse,mathematics,0580,2016-03,0580/12,2,ms,https://www.physicsandmathstutor.com/past-papers/gcse-maths/,https://pmt.physicsandmathstutor.com/download/Maths/GCSE/Past-Papers/CIE/Paper-1/International/MS/March%202016%20MS.pdf,Cambridge IGCSE Cambridge IGCSE Mathematics (0580) 0580/12 2016 February/March mark scheme,na:held-duplicate
cambridge-international,igcse,mathematics,0580,2016-03,0580/22,2,qp,https://www.physicsandmathstutor.com/past-papers/gcse-maths/,https://pmt.physicsandmathstutor.com/download/Maths/GCSE/Past-Papers/CIE/Paper-2/International/QP/March%202016%20QP.pdf,Cambridge IGCSE Cambridge IGCSE Mathematics (0580) 0580/22 2016 February/March question paper,na:held-duplicate
cambridge-international,igcse,mathematics,0580,2016-03,0580/22,2,ms,https://www.physicsandmathstutor.com/past-papers/gcse-maths/,https://pmt.physicsandmathstutor.com/download/Maths/GCSE/Past-Papers/CIE/Paper-2/International/MS/March%202016%20MS.pdf,Cambridge IGCSE Cambridge IGCSE Mathematics (0580) 0580/22 2016 February/March mark scheme,na:held-duplicate
cambridge-international,igcse,mathematics,0580,2016-03,0580/32,2,qp,https://www.physicsandmathstutor.com/past-papers/gcse-maths/,https://pmt.physicsandmathstutor.com/download/Maths/GCSE/Past-Papers/CIE/Paper-3/International/QP/March%202016%20QP.pdf,Cambridge IGCSE Cambridge IGCSE Mathematics (0580) 0580/32 2016 February/March question paper,na:held-duplicate
cambridge-international,igcse,mathematics,0580,2016-03,0580/32,2,ms,https://www.physicsandmathstutor.com/past-papers/gcse-maths/,https://pmt.physicsandmathstutor.com/download/Maths/GCSE/Past-Papers/CIE/Paper-3/International/MS/March%202016%20MS.pdf,Cambridge IGCSE Cambridge IGCSE Mathematics (0580) 0580/32 2016 February/March mark scheme,na:held-duplicate
cambridge-international,igcse,mathematics,0580,2016-03,0580/42,2,qp,https://www.physicsandmathstutor.com/past-papers/gcse-maths/,https://pmt.physicsandmathstutor.com/download/Maths/GCSE/Past-Papers/CIE/Paper-4/International/QP/March%202016%20QP.pdf,Cambridge IGCSE Cambridge IGCSE Mathematics (0580) 0580/42 2016 February/March question paper,na:held-duplicate
cambridge-international,igcse,mathematics,0580,2016-03,0580/42,2,ms,https://www.physicsandmathstutor.com/past-papers/gcse-maths/,https://pmt.physicsandmathstutor.com/download/Maths/GCSE/Past-Papers/CIE/Paper-4/International/MS/March%202016%20MS.pdf,Cambridge IGCSE Cambridge IGCSE Mathematics (0580) 0580/42 2016 February/March mark scheme,na:held-duplicate
cambridge-international,ial,mathematics,9709,2016-03,9709/12,2,qp,https://www.physicsandmathstutor.com/past-papers/a-level-maths-papers/,https://pmt.physicsandmathstutor.com/download/Maths/A-level/Papers/CIE/Paper-P1/QP/March%202016%20QP%20-%20P1.pdf,Cambridge International AS & A Level Cambridge International AS & A Level Mathematics (9709) 9709/12 2016 February/March question paper,na:held-duplicate
cambridge-international,ial,mathematics,9709,2016-03,9709/12,2,ms,https://www.physicsandmathstutor.com/past-papers/a-level-maths-papers/,https://pmt.physicsandmathstutor.com/download/Maths/A-level/Papers/CIE/Paper-P1/MS/March%202016%20MS%20-%20P1.pdf,Cambridge International AS & A Level Cambridge International AS & A Level Mathematics (9709) 9709/12 2016 February/March mark scheme,na:held-duplicate
cambridge-international,ial,mathematics,9709,2016-03,9709/22,2,qp,https://www.physicsandmathstutor.com/past-papers/a-level-maths-papers/,https://pmt.physicsandmathstutor.com/download/Maths/A-level/Papers/CIE/Paper-P2/QP/March%202016%20QP%20-%20P2.pdf,Cambridge International AS & A Level Cambridge International AS & A Level Mathematics (9709) 9709/22 2016 February/March question paper,na:held-duplicate
cambridge-international,ial,mathematics,9709,2016-03,9709/22,2,ms,https://www.physicsandmathstutor.com/past-papers/a-level-maths-papers/,https://pmt.physicsandmathstutor.com/download/Maths/A-level/Papers/CIE/Paper-P2/MS/March%202016%20MS%20-%20P2.pdf,Cambridge International AS & A Level Cambridge International AS & A Level Mathematics (9709) 9709/22 2016 February/March mark scheme,na:held-duplicate
cambridge-international,ial,mathematics,9709,2016-03,9709/32,2,qp,https://www.physicsandmathstutor.com/past-papers/a-level-maths-papers/,https://pmt.physicsandmathstutor.com/download/Maths/A-level/Papers/CIE/Paper-P3/QP/March%202016%20QP%20-%20P3.pdf,Cambridge International AS & A Level Cambridge International AS & A Level Mathematics (9709) 9709/32 2016 February/March question paper,na:held-duplicate
cambridge-international,ial,mathematics,9709,2016-03,9709/32,2,ms,https://www.physicsandmathstutor.com/past-papers/a-level-maths-papers/,https://pmt.physicsandmathstutor.com/download/Maths/A-level/Papers/CIE/Paper-P3/MS/March%202016%20MS%20-%20P3.pdf,Cambridge International AS & A Level Cambridge International AS & A Level Mathematics (9709) 9709/32 2016 February/March mark scheme,na:held-duplicate
cambridge-international,ial,mathematics,9709,2016-03,9709/42,2,qp,https://www.physicsandmathstutor.com/past-papers/a-level-maths-papers/,https://pmt.physicsandmathstutor.com/download/Maths/A-level/Papers/CIE/Paper-M1/QP/March%202016%20QP%20-%20M1.pdf,Cambridge International AS & A Level Cambridge International AS & A Level Mathematics (9709) 9709/42 2016 February/March question paper,na:held-duplicate
cambridge-international,ial,mathematics,9709,2016-03,9709/42,2,ms,https://www.physicsandmathstutor.com/past-papers/a-level-maths-papers/,https://pmt.physicsandmathstutor.com/download/Maths/A-level/Papers/CIE/Paper-M1/MS/March%202016%20MS%20-%20M1.pdf,Cambridge International AS & A Level Cambridge International AS & A Level Mathematics (9709) 9709/42 2016 February/March mark scheme,na:held-duplicate
cambridge-international,ial,mathematics,9709,2016-03,9709/52,2,qp,https://www.physicsandmathstutor.com/past-papers/a-level-maths-papers/,https://pmt.physicsandmathstutor.com/download/Maths/A-level/Papers/CIE/Paper-M2/QP/March%202016%20QP%20-%20M2.pdf,Cambridge International AS & A Level Cambridge International AS & A Level Mathematics (9709) 9709/52 2016 February/March question paper,na:held-duplicate
cambridge-international,ial,mathematics,9709,2016-03,9709/52,2,ms,https://www.physicsandmathstutor.com/past-papers/a-level-maths-papers/,https://pmt.physicsandmathstutor.com/download/Maths/A-level/Papers/CIE/Paper-M2/MS/March%202016%20MS%20-%20M2.pdf,Cambridge International AS & A Level Cambridge International AS & A Level Mathematics (9709) 9709/52 2016 February/March mark scheme,na:held-duplicate
cambridge-international,ial,mathematics,9709,2016-03,9709/62,2,qp,https://www.physicsandmathstutor.com/past-papers/a-level-maths-papers/,https://pmt.physicsandmathstutor.com/download/Maths/A-level/Papers/CIE/Paper-S1/QP/March%202016%20QP%20-%20S1.pdf,Cambridge International AS & A Level Cambridge International AS & A Level Mathematics (9709) 9709/62 2016 February/March question paper,na:held-duplicate
cambridge-international,ial,mathematics,9709,2016-03,9709/62,2,ms,https://www.physicsandmathstutor.com/past-papers/a-level-maths-papers/,https://pmt.physicsandmathstutor.com/download/Maths/A-level/Papers/CIE/Paper-S1/MS/March%202016%20MS%20-%20S1.pdf,Cambridge International AS & A Level Cambridge International AS & A Level Mathematics (9709) 9709/62 2016 February/March mark scheme,na:held-duplicate
cambridge-international,ial,mathematics,9709,2016-03,9709/72,2,qp,https://www.physicsandmathstutor.com/past-papers/a-level-maths-papers/,https://pmt.physicsandmathstutor.com/download/Maths/A-level/Papers/CIE/Paper-S2/QP/March%202016%20QP%20-%20S2.pdf,Cambridge International AS & A Level Cambridge International AS & A Level Mathematics (9709) 9709/72 2016 February/March question paper,na:held-duplicate
cambridge-international,ial,mathematics,9709,2016-03,9709/72,2,ms,https://www.physicsandmathstutor.com/past-papers/a-level-maths-papers/,https://pmt.physicsandmathstutor.com/download/Maths/A-level/Papers/CIE/Paper-S2/MS/March%202016%20MS%20-%20S2.pdf,Cambridge International AS & A Level Cambridge International AS & A Level Mathematics (9709) 9709/72 2016 February/March mark scheme,na:held-duplicate
cambridge-international,ial,mathematics,9709,2017-03,9709/12,2,qp,https://www.physicsandmathstutor.com/past-papers/a-level-maths-papers/,https://pmt.physicsandmathstutor.com/download/Maths/A-level/Papers/CIE/Paper-P1/QP/March%202017%20QP%20-%20P1.pdf,Cambridge International AS & A Level Cambridge International AS & A Level Mathematics (9709) 9709/12 2017 February/March question paper,na:held-duplicate
cambridge-international,ial,mathematics,9709,2017-03,9709/12,2,ms,https://www.physicsandmathstutor.com/past-papers/a-level-maths-papers/,https://pmt.physicsandmathstutor.com/download/Maths/A-level/Papers/CIE/Paper-P1/MS/March%202017%20MS%20-%20P1.pdf,Cambridge International AS & A Level Cambridge International AS & A Level Mathematics (9709) 9709/12 2017 February/March mark scheme,na:held-duplicate
cambridge-international,ial,mathematics,9709,2017-03,9709/22,2,qp,https://www.physicsandmathstutor.com/past-papers/a-level-maths-papers/,https://pmt.physicsandmathstutor.com/download/Maths/A-level/Papers/CIE/Paper-P2/QP/March%202017%20QP%20-%20P2.pdf,Cambridge International AS & A Level Cambridge International AS & A Level Mathematics (9709) 9709/22 2017 February/March question paper,na:held-duplicate
cambridge-international,ial,mathematics,9709,2017-03,9709/22,2,ms,https://www.physicsandmathstutor.com/past-papers/a-level-maths-papers/,https://pmt.physicsandmathstutor.com/download/Maths/A-level/Papers/CIE/Paper-P2/MS/March%202017%20MS%20-%20P2.pdf,Cambridge International AS & A Level Cambridge International AS & A Level Mathematics (9709) 9709/22 2017 February/March mark scheme,na:held-duplicate
cambridge-international,ial,mathematics,9709,2017-03,9709/32,2,qp,https://www.physicsandmathstutor.com/past-papers/a-level-maths-papers/,https://pmt.physicsandmathstutor.com/download/Maths/A-level/Papers/CIE/Paper-P3/QP/March%202017%20QP%20-%20P3.pdf,Cambridge International AS & A Level Cambridge International AS & A Level Mathematics (9709) 9709/32 2017 February/March question paper,na:held-duplicate
cambridge-international,ial,mathematics,9709,2017-03,9709/32,2,ms,https://www.physicsandmathstutor.com/past-papers/a-level-maths-papers/,https://pmt.physicsandmathstutor.com/download/Maths/A-level/Papers/CIE/Paper-P3/MS/March%202017%20MS%20-%20P3.pdf,Cambridge International AS & A Level Cambridge International AS & A Level Mathematics (9709) 9709/32 2017 February/March mark scheme,na:held-duplicate
cambridge-international,ial,mathematics,9709,2017-03,9709/42,2,qp,https://www.physicsandmathstutor.com/past-papers/a-level-maths-papers/,https://pmt.physicsandmathstutor.com/download/Maths/A-level/Papers/CIE/Paper-M1/QP/March%202017%20QP%20-%20M1.pdf,Cambridge International AS & A Level Cambridge International AS & A Level Mathematics (9709) 9709/42 2017 February/March question paper,na:held-duplicate
cambridge-international,ial,mathematics,9709,2017-03,9709/42,2,ms,https://www.physicsandmathstutor.com/past-papers/a-level-maths-papers/,https://pmt.physicsandmathstutor.com/download/Maths/A-level/Papers/CIE/Paper-M1/MS/March%202017%20MS%20-%20M1.pdf,Cambridge International AS & A Level Cambridge International AS & A Level Mathematics (9709) 9709/42 2017 February/March mark scheme,na:held-duplicate
cambridge-international,ial,mathematics,9709,2017-03,9709/52,2,qp,https://www.physicsandmathstutor.com/past-papers/a-level-maths-papers/,https://pmt.physicsandmathstutor.com/download/Maths/A-level/Papers/CIE/Paper-M2/QP/March%202017%20QP%20-%20M2.pdf,Cambridge International AS & A Level Cambridge International AS & A Level Mathematics (9709) 9709/52 2017 February/March question paper,na:held-duplicate
cambridge-international,ial,mathematics,9709,2017-03,9709/52,2,ms,https://www.physicsandmathstutor.com/past-papers/a-level-maths-papers/,https://pmt.physicsandmathstutor.com/download/Maths/A-level/Papers/CIE/Paper-M2/MS/March%202017%20MS%20-%20M2.pdf,Cambridge International AS & A Level Cambridge International AS & A Level Mathematics (9709) 9709/52 2017 February/March mark scheme,na:held-duplicate
cambridge-international,ial,mathematics,9709,2017-03,9709/62,2,qp,https://www.physicsandmathstutor.com/past-papers/a-level-maths-papers/,https://pmt.physicsandmathstutor.com/download/Maths/A-level/Papers/CIE/Paper-S1/QP/March%202017%20QP%20-%20S1.pdf,Cambridge International AS & A Level Cambridge International AS & A Level Mathematics (9709) 9709/62 2017 February/March question paper,na:held-duplicate
cambridge-international,ial,mathematics,9709,2017-03,9709/62,2,ms,https://www.physicsandmathstutor.com/past-papers/a-level-maths-papers/,https://pmt.physicsandmathstutor.com/download/Maths/A-level/Papers/CIE/Paper-S1/MS/March%202017%20MS%20-%20S1.pdf,Cambridge International AS & A Level Cambridge International AS & A Level Mathematics (9709) 9709/62 2017 February/March mark scheme,na:held-duplicate
cambridge-international,ial,mathematics,9709,2017-03,9709/72,2,qp,https://www.physicsandmathstutor.com/past-papers/a-level-maths-papers/,https://pmt.physicsandmathstutor.com/download/Maths/A-level/Papers/CIE/Paper-S2/QP/March%202017%20QP%20-%20S2.pdf,Cambridge International AS & A Level Cambridge International AS & A Level Mathematics (9709) 9709/72 2017 February/March question paper,na:held-duplicate
cambridge-international,ial,mathematics,9709,2017-03,9709/72,2,ms,https://www.physicsandmathstutor.com/past-papers/a-level-maths-papers/,https://pmt.physicsandmathstutor.com/download/Maths/A-level/Papers/CIE/Paper-S2/MS/March%202017%20MS%20-%20S2.pdf,Cambridge International AS & A Level Cambridge International AS & A Level Mathematics (9709) 9709/72 2017 February/March mark scheme,na:held-duplicate
cambridge-international,igcse,mathematics,0580,2023-03,0580/32,2,qp,https://www.physicsandmathstutor.com/past-papers/gcse-maths/,https://pmt.physicsandmathstutor.com/download/Maths/GCSE/Past-Papers/CIE/Paper-3/International/QP/March%202023%20(v2)%20QP.pdf,Cambridge IGCSE Cambridge IGCSE Mathematics (0580) 0580/32 2023 February/March question paper,normalized
cambridge-international,igcse,mathematics,0580,2023-03,0580/32,2,ms,https://www.physicsandmathstutor.com/past-papers/gcse-maths/,https://pmt.physicsandmathstutor.com/download/Maths/GCSE/Past-Papers/CIE/Paper-3/International/MS/March%202023%20(v2)%20MS.pdf,Cambridge IGCSE Cambridge IGCSE Mathematics (0580) 0580/32 2023 February/March mark scheme,normalized
cambridge-international,igcse,mathematics,0580,2024-03,0580/32,2,qp,https://www.physicsandmathstutor.com/past-papers/gcse-maths/,https://pmt.physicsandmathstutor.com/download/Maths/GCSE/Past-Papers/CIE/Paper-3/International/QP/March%202024%20(v2)%20QP.pdf,Cambridge IGCSE Cambridge IGCSE Mathematics (0580) 0580/32 2024 February/March question paper,normalized
cambridge-international,igcse,mathematics,0580,2024-03,0580/32,2,ms,https://www.physicsandmathstutor.com/past-papers/gcse-maths/,https://pmt.physicsandmathstutor.com/download/Maths/GCSE/Past-Papers/CIE/Paper-3/International/MS/March%202024%20(v2)%20MS.pdf,Cambridge IGCSE Cambridge IGCSE Mathematics (0580) 0580/32 2024 February/March mark scheme,normalized
cambridge-international,igcse,mathematics,0580,2025-03,0580/12,2,qp,https://www.physicsandmathstutor.com/past-papers/gcse-maths/,https://pmt.physicsandmathstutor.com/download/Maths/GCSE/Past-Papers/CIE/Paper-1/International/QP/March%202025%20(v2)%20QP.pdf,Cambridge IGCSE Cambridge IGCSE Mathematics (0580) 0580/12 2025 February/March question paper,normalized
cambridge-international,igcse,mathematics,0580,2025-03,0580/12,2,ms,https://www.physicsandmathstutor.com/past-papers/gcse-maths/,https://pmt.physicsandmathstutor.com/download/Maths/GCSE/Past-Papers/CIE/Paper-1/International/MS/March%202025%20(v2)%20MS.pdf,Cambridge IGCSE Cambridge IGCSE Mathematics (0580) 0580/12 2025 February/March mark scheme,normalized
cambridge-international,igcse,mathematics,0580,2025-03,0580/22,2,qp,https://www.physicsandmathstutor.com/past-papers/gcse-maths/,https://pmt.physicsandmathstutor.com/download/Maths/GCSE/Past-Papers/CIE/Paper-2/International/QP/March%202025%20(v2)%20QP.pdf,Cambridge IGCSE Cambridge IGCSE Mathematics (0580) 0580/22 2025 February/March question paper,normalized
cambridge-international,igcse,mathematics,0580,2025-03,0580/22,2,ms,https://www.physicsandmathstutor.com/past-papers/gcse-maths/,https://pmt.physicsandmathstutor.com/download/Maths/GCSE/Past-Papers/CIE/Paper-2/International/MS/March%202025%20(v2)%20MS.pdf,Cambridge IGCSE Cambridge IGCSE Mathematics (0580) 0580/22 2025 February/March mark scheme,normalized
cambridge-international,igcse,mathematics,0580,2025-03,0580/32,2,qp,https://www.physicsandmathstutor.com/past-papers/gcse-maths/,https://pmt.physicsandmathstutor.com/download/Maths/GCSE/Past-Papers/CIE/Paper-3/International/QP/March%202025%20(v2)%20QP.pdf,Cambridge IGCSE Cambridge IGCSE Mathematics (0580) 0580/32 2025 February/March question paper,normalized
cambridge-international,igcse,mathematics,0580,2025-03,0580/32,2,ms,https://www.physicsandmathstutor.com/past-papers/gcse-maths/,https://pmt.physicsandmathstutor.com/download/Maths/GCSE/Past-Papers/CIE/Paper-3/International/MS/March%202025%20(v2)%20MS.pdf,Cambridge IGCSE Cambridge IGCSE Mathematics (0580) 0580/32 2025 February/March mark scheme,normalized
cambridge-international,igcse,mathematics,0580,2025-03,0580/42,2,qp,https://www.physicsandmathstutor.com/past-papers/gcse-maths/,https://pmt.physicsandmathstutor.com/download/Maths/GCSE/Past-Papers/CIE/Paper-4/International/QP/March%202025%20(v2)%20QP.pdf,Cambridge IGCSE Cambridge IGCSE Mathematics (0580) 0580/42 2025 February/March question paper,normalized
cambridge-international,igcse,mathematics,0580,2025-03,0580/42,2,ms,https://www.physicsandmathstutor.com/past-papers/gcse-maths/,https://pmt.physicsandmathstutor.com/download/Maths/GCSE/Past-Papers/CIE/Paper-4/International/MS/March%202025%20(v2)%20MS.pdf,Cambridge IGCSE Cambridge IGCSE Mathematics (0580) 0580/42 2025 February/March mark scheme,normalized
cambridge-international,igcse,mathematics,0580,2025-06,0580/11,1,qp,https://www.physicsandmathstutor.com/past-papers/gcse-maths/,https://pmt.physicsandmathstutor.com/download/Maths/GCSE/Past-Papers/CIE/Paper-1/International/QP/June%202025%20(v1)%20QP.pdf,Cambridge IGCSE Cambridge IGCSE Mathematics (0580) 0580/11 2025 May/June question paper,normalized
cambridge-international,igcse,mathematics,0580,2025-06,0580/11,1,ms,https://www.physicsandmathstutor.com/past-papers/gcse-maths/,https://pmt.physicsandmathstutor.com/download/Maths/GCSE/Past-Papers/CIE/Paper-1/International/MS/June%202025%20(v1)%20MS.pdf,Cambridge IGCSE Cambridge IGCSE Mathematics (0580) 0580/11 2025 May/June mark scheme,normalized
cambridge-international,igcse,mathematics,0580,2025-06,0580/12,2,qp,https://www.physicsandmathstutor.com/past-papers/gcse-maths/,https://pmt.physicsandmathstutor.com/download/Maths/GCSE/Past-Papers/CIE/Paper-1/International/QP/June%202025%20(v2)%20QP.pdf,Cambridge IGCSE Cambridge IGCSE Mathematics (0580) 0580/12 2025 May/June question paper,normalized
cambridge-international,igcse,mathematics,0580,2025-06,0580/12,2,ms,https://www.physicsandmathstutor.com/past-papers/gcse-maths/,https://pmt.physicsandmathstutor.com/download/Maths/GCSE/Past-Papers/CIE/Paper-1/International/MS/June%202025%20(v2)%20MS.pdf,Cambridge IGCSE Cambridge IGCSE Mathematics (0580) 0580/12 2025 May/June mark scheme,normalized
cambridge-international,igcse,mathematics,0580,2025-06,0580/13,3,qp,https://www.physicsandmathstutor.com/past-papers/gcse-maths/,https://pmt.physicsandmathstutor.com/download/Maths/GCSE/Past-Papers/CIE/Paper-1/International/QP/June%202025%20(v3)%20QP.pdf,Cambridge IGCSE Cambridge IGCSE Mathematics (0580) 0580/13 2025 May/June question paper,normalized
cambridge-international,igcse,mathematics,0580,2025-06,0580/13,3,ms,https://www.physicsandmathstutor.com/past-papers/gcse-maths/,https://pmt.physicsandmathstutor.com/download/Maths/GCSE/Past-Papers/CIE/Paper-1/International/MS/June%202025%20(v3)%20MS.pdf,Cambridge IGCSE Cambridge IGCSE Mathematics (0580) 0580/13 2025 May/June mark scheme,normalized
cambridge-international,igcse,mathematics,0580,2025-06,0580/21,1,qp,https://www.physicsandmathstutor.com/past-papers/gcse-maths/,https://pmt.physicsandmathstutor.com/download/Maths/GCSE/Past-Papers/CIE/Paper-2/International/QP/June%202025%20(v1)%20QP.pdf,Cambridge IGCSE Cambridge IGCSE Mathematics (0580) 0580/21 2025 May/June question paper,normalized
cambridge-international,igcse,mathematics,0580,2025-06,0580/21,1,ms,https://www.physicsandmathstutor.com/past-papers/gcse-maths/,https://pmt.physicsandmathstutor.com/download/Maths/GCSE/Past-Papers/CIE/Paper-2/International/MS/June%202025%20(v1)%20MS.pdf,Cambridge IGCSE Cambridge IGCSE Mathematics (0580) 0580/21 2025 May/June mark scheme,normalized
cambridge-international,igcse,mathematics,0580,2025-06,0580/22,2,qp,https://www.physicsandmathstutor.com/past-papers/gcse-maths/,https://pmt.physicsandmathstutor.com/download/Maths/GCSE/Past-Papers/CIE/Paper-2/International/QP/June%202025%20(v2)%20QP.pdf,Cambridge IGCSE Cambridge IGCSE Mathematics (0580) 0580/22 2025 May/June question paper,normalized
cambridge-international,igcse,mathematics,0580,2025-06,0580/22,2,ms,https://www.physicsandmathstutor.com/past-papers/gcse-maths/,https://pmt.physicsandmathstutor.com/download/Maths/GCSE/Past-Papers/CIE/Paper-2/International/MS/June%202025%20(v2)%20MS.pdf,Cambridge IGCSE Cambridge IGCSE Mathematics (0580) 0580/22 2025 May/June mark scheme,normalized
cambridge-international,igcse,mathematics,0580,2025-06,0580/23,3,qp,https://www.physicsandmathstutor.com/past-papers/gcse-maths/,https://pmt.physicsandmathstutor.com/download/Maths/GCSE/Past-Papers/CIE/Paper-2/International/QP/June%202025%20(v3)%20QP.pdf,Cambridge IGCSE Cambridge IGCSE Mathematics (0580) 0580/23 2025 May/June question paper,normalized
cambridge-international,igcse,mathematics,0580,2025-06,0580/23,3,ms,https://www.physicsandmathstutor.com/past-papers/gcse-maths/,https://pmt.physicsandmathstutor.com/download/Maths/GCSE/Past-Papers/CIE/Paper-2/International/MS/June%202025%20(v3)%20MS.pdf,Cambridge IGCSE Cambridge IGCSE Mathematics (0580) 0580/23 2025 May/June mark scheme,normalized
cambridge-international,igcse,mathematics,0580,2025-06,0580/31,1,qp,https://www.physicsandmathstutor.com/past-papers/gcse-maths/,https://pmt.physicsandmathstutor.com/download/Maths/GCSE/Past-Papers/CIE/Paper-3/International/QP/June%202025%20(v1)%20QP.pdf,Cambridge IGCSE Cambridge IGCSE Mathematics (0580) 0580/31 2025 May/June question paper,normalized
cambridge-international,igcse,mathematics,0580,2025-06,0580/31,1,ms,https://www.physicsandmathstutor.com/past-papers/gcse-maths/,https://pmt.physicsandmathstutor.com/download/Maths/GCSE/Past-Papers/CIE/Paper-3/International/MS/June%202025%20(v1)%20MS.pdf,Cambridge IGCSE Cambridge IGCSE Mathematics (0580) 0580/31 2025 May/June mark scheme,normalized
cambridge-international,igcse,mathematics,0580,2025-06,0580/32,2,qp,https://www.physicsandmathstutor.com/past-papers/gcse-maths/,https://pmt.physicsandmathstutor.com/download/Maths/GCSE/Past-Papers/CIE/Paper-3/International/QP/June%202025%20(v2)%20QP.pdf,Cambridge IGCSE Cambridge IGCSE Mathematics (0580) 0580/32 2025 May/June question paper,normalized
cambridge-international,igcse,mathematics,0580,2025-06,0580/32,2,ms,https://www.physicsandmathstutor.com/past-papers/gcse-maths/,https://pmt.physicsandmathstutor.com/download/Maths/GCSE/Past-Papers/CIE/Paper-3/International/MS/June%202025%20(v2)%20MS.pdf,Cambridge IGCSE Cambridge IGCSE Mathematics (0580) 0580/32 2025 May/June mark scheme,normalized
cambridge-international,igcse,mathematics,0580,2025-06,0580/33,3,qp,https://www.physicsandmathstutor.com/past-papers/gcse-maths/,https://pmt.physicsandmathstutor.com/download/Maths/GCSE/Past-Papers/CIE/Paper-3/International/QP/June%202025%20(v3)%20QP.pdf,Cambridge IGCSE Cambridge IGCSE Mathematics (0580) 0580/33 2025 May/June question paper,normalized
cambridge-international,igcse,mathematics,0580,2025-06,0580/33,3,ms,https://www.physicsandmathstutor.com/past-papers/gcse-maths/,https://pmt.physicsandmathstutor.com/download/Maths/GCSE/Past-Papers/CIE/Paper-3/International/MS/June%202025%20(v3)%20MS.pdf,Cambridge IGCSE Cambridge IGCSE Mathematics (0580) 0580/33 2025 May/June mark scheme,normalized
cambridge-international,igcse,mathematics,0580,2025-06,0580/41,1,qp,https://www.physicsandmathstutor.com/past-papers/gcse-maths/,https://pmt.physicsandmathstutor.com/download/Maths/GCSE/Past-Papers/CIE/Paper-4/International/QP/June%202025%20(v1)%20QP.pdf,Cambridge IGCSE Cambridge IGCSE Mathematics (0580) 0580/41 2025 May/June question paper,normalized
cambridge-international,igcse,mathematics,0580,2025-06,0580/41,1,ms,https://www.physicsandmathstutor.com/past-papers/gcse-maths/,https://pmt.physicsandmathstutor.com/download/Maths/GCSE/Past-Papers/CIE/Paper-4/International/MS/June%202025%20(v1)%20MS.pdf,Cambridge IGCSE Cambridge IGCSE Mathematics (0580) 0580/41 2025 May/June mark scheme,normalized
cambridge-international,igcse,mathematics,0580,2025-06,0580/42,2,qp,https://www.physicsandmathstutor.com/past-papers/gcse-maths/,https://pmt.physicsandmathstutor.com/download/Maths/GCSE/Past-Papers/CIE/Paper-4/International/QP/June%202025%20(v2)%20QP.pdf,Cambridge IGCSE Cambridge IGCSE Mathematics (0580) 0580/42 2025 May/June question paper,normalized
cambridge-international,igcse,mathematics,0580,2025-06,0580/42,2,ms,https://www.physicsandmathstutor.com/past-papers/gcse-maths/,https://pmt.physicsandmathstutor.com/download/Maths/GCSE/Past-Papers/CIE/Paper-4/International/MS/June%202025%20(v2)%20MS.pdf,Cambridge IGCSE Cambridge IGCSE Mathematics (0580) 0580/42 2025 May/June mark scheme,normalized
cambridge-international,igcse,mathematics,0580,2025-06,0580/43,3,qp,https://www.physicsandmathstutor.com/past-papers/gcse-maths/,https://pmt.physicsandmathstutor.com/download/Maths/GCSE/Past-Papers/CIE/Paper-4/International/QP/June%202025%20(v3)%20QP.pdf,Cambridge IGCSE Cambridge IGCSE Mathematics (0580) 0580/43 2025 May/June question paper,normalized
cambridge-international,igcse,mathematics,0580,2025-06,0580/43,3,ms,https://www.physicsandmathstutor.com/past-papers/gcse-maths/,https://pmt.physicsandmathstutor.com/download/Maths/GCSE/Past-Papers/CIE/Paper-4/International/MS/June%202025%20(v3)%20MS.pdf,Cambridge IGCSE Cambridge IGCSE Mathematics (0580) 0580/43 2025 May/June mark scheme,normalized
cambridge-international,igcse,chemistry,0620,2021-06,0620/11,1,qp,https://www.physicsandmathstutor.com/past-papers/gcse-chemistry/,https://pmt.physicsandmathstutor.com/download/Chemistry/GCSE/Past-Papers/CIE/Paper-1/International/QP/June%202021%20(v1)%20QP.pdf,Cambridge IGCSE Cambridge IGCSE Chemistry (0620) 0620/11 2021 May/June question paper,normalized
cambridge-international,igcse,chemistry,0620,2021-06,0620/11,1,ms,https://www.physicsandmathstutor.com/past-papers/gcse-chemistry/,https://pmt.physicsandmathstutor.com/download/Chemistry/GCSE/Past-Papers/CIE/Paper-1/International/MS/June%202021%20(v1)%20MS.pdf,Cambridge IGCSE Cambridge IGCSE Chemistry (0620) 0620/11 2021 May/June mark scheme,normalized
cambridge-international,igcse,chemistry,0620,2021-06,0620/51,1,qp,https://www.physicsandmathstutor.com/past-papers/gcse-chemistry/,https://pmt.physicsandmathstutor.com/download/Chemistry/GCSE/Past-Papers/CIE/Paper-5/International/QP/June%202021%20(v1)%20QP.pdf,Cambridge IGCSE Cambridge IGCSE Chemistry (0620) 0620/51 2021 May/June question paper,normalized
cambridge-international,igcse,chemistry,0620,2021-06,0620/51,1,ms,https://www.physicsandmathstutor.com/past-papers/gcse-chemistry/,https://pmt.physicsandmathstutor.com/download/Chemistry/GCSE/Past-Papers/CIE/Paper-5/International/MS/June%202021%20(v1)%20MS.pdf,Cambridge IGCSE Cambridge IGCSE Chemistry (0620) 0620/51 2021 May/June mark scheme,normalized
cambridge-international,igcse,chemistry,0620,2021-06,0620/53,3,qp,https://www.physicsandmathstutor.com/past-papers/gcse-chemistry/,https://pmt.physicsandmathstutor.com/download/Chemistry/GCSE/Past-Papers/CIE/Paper-5/International/QP/June%202021%20(v3)%20QP.pdf,Cambridge IGCSE Cambridge IGCSE Chemistry (0620) 0620/53 2021 May/June question paper,normalized
cambridge-international,igcse,chemistry,0620,2021-06,0620/53,3,ms,https://www.physicsandmathstutor.com/past-papers/gcse-chemistry/,https://pmt.physicsandmathstutor.com/download/Chemistry/GCSE/Past-Papers/CIE/Paper-5/International/MS/June%202021%20(v3)%20MS.pdf,Cambridge IGCSE Cambridge IGCSE Chemistry (0620) 0620/53 2021 May/June mark scheme,normalized
cambridge-international,igcse,chemistry,0620,2021-06,0620/61,1,qp,https://www.physicsandmathstutor.com/past-papers/gcse-chemistry/,https://pmt.physicsandmathstutor.com/download/Chemistry/GCSE/Past-Papers/CIE/Paper-6/International/QP/June%202021%20(v1)%20QP.pdf,Cambridge IGCSE Cambridge IGCSE Chemistry (0620) 0620/61 2021 May/June question paper,normalized
cambridge-international,igcse,chemistry,0620,2021-06,0620/61,1,ms,https://www.physicsandmathstutor.com/past-papers/gcse-chemistry/,https://pmt.physicsandmathstutor.com/download/Chemistry/GCSE/Past-Papers/CIE/Paper-6/International/MS/June%202021%20(v1)%20MS.pdf,Cambridge IGCSE Cambridge IGCSE Chemistry (0620) 0620/61 2021 May/June mark scheme,normalized
cambridge-international,igcse,chemistry,0620,2021-06,0620/63,3,qp,https://www.physicsandmathstutor.com/past-papers/gcse-chemistry/,https://pmt.physicsandmathstutor.com/download/Chemistry/GCSE/Past-Papers/CIE/Paper-6/International/QP/June%202021%20(v3)%20QP.pdf,Cambridge IGCSE Cambridge IGCSE Chemistry (0620) 0620/63 2021 May/June question paper,normalized
cambridge-international,igcse,chemistry,0620,2021-06,0620/63,3,ms,https://www.physicsandmathstutor.com/past-papers/gcse-chemistry/,https://pmt.physicsandmathstutor.com/download/Chemistry/GCSE/Past-Papers/CIE/Paper-6/International/MS/June%202021%20(v3)%20MS.pdf,Cambridge IGCSE Cambridge IGCSE Chemistry (0620) 0620/63 2021 May/June mark scheme,normalized
cambridge-international,igcse,chemistry,0620,2021-11,0620/11,1,qp,https://www.physicsandmathstutor.com/past-papers/gcse-chemistry/,https://pmt.physicsandmathstutor.com/download/Chemistry/GCSE/Past-Papers/CIE/Paper-1/International/QP/November%202021%20(v1)%20QP.pdf,Cambridge IGCSE Cambridge IGCSE Chemistry (0620) 0620/11 2021 October/November question paper,normalized
cambridge-international,igcse,chemistry,0620,2021-11,0620/11,1,ms,https://www.physicsandmathstutor.com/past-papers/gcse-chemistry/,https://pmt.physicsandmathstutor.com/download/Chemistry/GCSE/Past-Papers/CIE/Paper-1/International/MS/November%202021%20(v1)%20MS.pdf,Cambridge IGCSE Cambridge IGCSE Chemistry (0620) 0620/11 2021 October/November mark scheme,normalized
cambridge-international,igcse,chemistry,0620,2021-11,0620/51,1,qp,https://www.physicsandmathstutor.com/past-papers/gcse-chemistry/,https://pmt.physicsandmathstutor.com/download/Chemistry/GCSE/Past-Papers/CIE/Paper-5/International/QP/November%202021%20(v1)%20QP.pdf,Cambridge IGCSE Cambridge IGCSE Chemistry (0620) 0620/51 2021 October/November question paper,normalized
cambridge-international,igcse,chemistry,0620,2021-11,0620/51,1,ms,https://www.physicsandmathstutor.com/past-papers/gcse-chemistry/,https://pmt.physicsandmathstutor.com/download/Chemistry/GCSE/Past-Papers/CIE/Paper-5/International/MS/November%202021%20(v1)%20MS.pdf,Cambridge IGCSE Cambridge IGCSE Chemistry (0620) 0620/51 2021 October/November mark scheme,normalized
cambridge-international,igcse,chemistry,0620,2021-11,0620/53,3,qp,https://www.physicsandmathstutor.com/past-papers/gcse-chemistry/,https://pmt.physicsandmathstutor.com/download/Chemistry/GCSE/Past-Papers/CIE/Paper-5/International/QP/November%202021%20(v3)%20QP.pdf,Cambridge IGCSE Cambridge IGCSE Chemistry (0620) 0620/53 2021 October/November question paper,normalized
cambridge-international,igcse,chemistry,0620,2021-11,0620/53,3,ms,https://www.physicsandmathstutor.com/past-papers/gcse-chemistry/,https://pmt.physicsandmathstutor.com/download/Chemistry/GCSE/Past-Papers/CIE/Paper-5/International/MS/November%202021%20(v3)%20MS.pdf,Cambridge IGCSE Cambridge IGCSE Chemistry (0620) 0620/53 2021 October/November mark scheme,normalized
cambridge-international,igcse,chemistry,0620,2021-11,0620/61,1,qp,https://www.physicsandmathstutor.com/past-papers/gcse-chemistry/,https://pmt.physicsandmathstutor.com/download/Chemistry/GCSE/Past-Papers/CIE/Paper-6/International/QP/November%202021%20(v1)%20QP.pdf,Cambridge IGCSE Cambridge IGCSE Chemistry (0620) 0620/61 2021 October/November question paper,normalized
cambridge-international,igcse,chemistry,0620,2021-11,0620/61,1,ms,https://www.physicsandmathstutor.com/past-papers/gcse-chemistry/,https://pmt.physicsandmathstutor.com/download/Chemistry/GCSE/Past-Papers/CIE/Paper-6/International/MS/November%202021%20(v1)%20MS.pdf,Cambridge IGCSE Cambridge IGCSE Chemistry (0620) 0620/61 2021 October/November mark scheme,normalized
cambridge-international,igcse,chemistry,0620,2021-11,0620/63,3,qp,https://www.physicsandmathstutor.com/past-papers/gcse-chemistry/,https://pmt.physicsandmathstutor.com/download/Chemistry/GCSE/Past-Papers/CIE/Paper-6/International/QP/November%202021%20(v3)%20QP.pdf,Cambridge IGCSE Cambridge IGCSE Chemistry (0620) 0620/63 2021 October/November question paper,normalized
cambridge-international,igcse,chemistry,0620,2021-11,0620/63,3,ms,https://www.physicsandmathstutor.com/past-papers/gcse-chemistry/,https://pmt.physicsandmathstutor.com/download/Chemistry/GCSE/Past-Papers/CIE/Paper-6/International/MS/November%202021%20(v3)%20MS.pdf,Cambridge IGCSE Cambridge IGCSE Chemistry (0620) 0620/63 2021 October/November mark scheme,normalized
cambridge-international,igcse,chemistry,0620,2022-06,0620/11,1,qp,https://www.physicsandmathstutor.com/past-papers/gcse-chemistry/,https://pmt.physicsandmathstutor.com/download/Chemistry/GCSE/Past-Papers/CIE/Paper-1/International/QP/June%202022%20(v1)%20QP.pdf,Cambridge IGCSE Cambridge IGCSE Chemistry (0620) 0620/11 2022 May/June question paper,normalized
cambridge-international,igcse,chemistry,0620,2022-06,0620/11,1,ms,https://www.physicsandmathstutor.com/past-papers/gcse-chemistry/,https://pmt.physicsandmathstutor.com/download/Chemistry/GCSE/Past-Papers/CIE/Paper-1/International/MS/June%202022%20(v1)%20MS.pdf,Cambridge IGCSE Cambridge IGCSE Chemistry (0620) 0620/11 2022 May/June mark scheme,normalized
cambridge-international,igcse,chemistry,0620,2022-06,0620/51,1,qp,https://www.physicsandmathstutor.com/past-papers/gcse-chemistry/,https://pmt.physicsandmathstutor.com/download/Chemistry/GCSE/Past-Papers/CIE/Paper-5/International/QP/June%202022%20(v1)%20QP.pdf,Cambridge IGCSE Cambridge IGCSE Chemistry (0620) 0620/51 2022 May/June question paper,normalized
cambridge-international,igcse,chemistry,0620,2022-06,0620/51,1,ms,https://www.physicsandmathstutor.com/past-papers/gcse-chemistry/,https://pmt.physicsandmathstutor.com/download/Chemistry/GCSE/Past-Papers/CIE/Paper-5/International/MS/June%202022%20(v1)%20MS.pdf,Cambridge IGCSE Cambridge IGCSE Chemistry (0620) 0620/51 2022 May/June mark scheme,normalized
cambridge-international,igcse,chemistry,0620,2022-06,0620/53,3,qp,https://www.physicsandmathstutor.com/past-papers/gcse-chemistry/,https://pmt.physicsandmathstutor.com/download/Chemistry/GCSE/Past-Papers/CIE/Paper-5/International/QP/June%202022%20(v3)%20QP.pdf,Cambridge IGCSE Cambridge IGCSE Chemistry (0620) 0620/53 2022 May/June question paper,normalized
cambridge-international,igcse,chemistry,0620,2022-06,0620/53,3,ms,https://www.physicsandmathstutor.com/past-papers/gcse-chemistry/,https://pmt.physicsandmathstutor.com/download/Chemistry/GCSE/Past-Papers/CIE/Paper-5/International/MS/June%202022%20(v3)%20MS.pdf,Cambridge IGCSE Cambridge IGCSE Chemistry (0620) 0620/53 2022 May/June mark scheme,normalized
cambridge-international,igcse,chemistry,0620,2022-06,0620/61,1,qp,https://www.physicsandmathstutor.com/past-papers/gcse-chemistry/,https://pmt.physicsandmathstutor.com/download/Chemistry/GCSE/Past-Papers/CIE/Paper-6/International/QP/June%202022%20(v1)%20QP.pdf,Cambridge IGCSE Cambridge IGCSE Chemistry (0620) 0620/61 2022 May/June question paper,normalized
cambridge-international,igcse,chemistry,0620,2022-06,0620/61,1,ms,https://www.physicsandmathstutor.com/past-papers/gcse-chemistry/,https://pmt.physicsandmathstutor.com/download/Chemistry/GCSE/Past-Papers/CIE/Paper-6/International/MS/June%202022%20(v1)%20MS.pdf,Cambridge IGCSE Cambridge IGCSE Chemistry (0620) 0620/61 2022 May/June mark scheme,normalized
cambridge-international,igcse,chemistry,0620,2022-06,0620/63,3,qp,https://www.physicsandmathstutor.com/past-papers/gcse-chemistry/,https://pmt.physicsandmathstutor.com/download/Chemistry/GCSE/Past-Papers/CIE/Paper-6/International/QP/June%202022%20(v3)%20QP.pdf,Cambridge IGCSE Cambridge IGCSE Chemistry (0620) 0620/63 2022 May/June question paper,normalized
cambridge-international,igcse,chemistry,0620,2022-06,0620/63,3,ms,https://www.physicsandmathstutor.com/past-papers/gcse-chemistry/,https://pmt.physicsandmathstutor.com/download/Chemistry/GCSE/Past-Papers/CIE/Paper-6/International/MS/June%202022%20(v3)%20MS.pdf,Cambridge IGCSE Cambridge IGCSE Chemistry (0620) 0620/63 2022 May/June mark scheme,normalized
cambridge-international,igcse,chemistry,0620,2022-11,0620/11,1,qp,https://www.physicsandmathstutor.com/past-papers/gcse-chemistry/,https://pmt.physicsandmathstutor.com/download/Chemistry/GCSE/Past-Papers/CIE/Paper-1/International/QP/November%202022%20(v1)%20QP.pdf,Cambridge IGCSE Cambridge IGCSE Chemistry (0620) 0620/11 2022 October/November question paper,normalized
cambridge-international,igcse,chemistry,0620,2022-11,0620/11,1,ms,https://www.physicsandmathstutor.com/past-papers/gcse-chemistry/,https://pmt.physicsandmathstutor.com/download/Chemistry/GCSE/Past-Papers/CIE/Paper-1/International/MS/November%202022%20(v1)%20MS.pdf,Cambridge IGCSE Cambridge IGCSE Chemistry (0620) 0620/11 2022 October/November mark scheme,normalized
cambridge-international,igcse,chemistry,0620,2022-11,0620/51,1,qp,https://www.physicsandmathstutor.com/past-papers/gcse-chemistry/,https://pmt.physicsandmathstutor.com/download/Chemistry/GCSE/Past-Papers/CIE/Paper-5/International/QP/November%202022%20(v1)%20QP.pdf,Cambridge IGCSE Cambridge IGCSE Chemistry (0620) 0620/51 2022 October/November question paper,normalized
cambridge-international,igcse,chemistry,0620,2022-11,0620/51,1,ms,https://www.physicsandmathstutor.com/past-papers/gcse-chemistry/,https://pmt.physicsandmathstutor.com/download/Chemistry/GCSE/Past-Papers/CIE/Paper-5/International/MS/November%202022%20(v1)%20MS.pdf,Cambridge IGCSE Cambridge IGCSE Chemistry (0620) 0620/51 2022 October/November mark scheme,normalized
cambridge-international,igcse,chemistry,0620,2022-11,0620/53,3,qp,https://www.physicsandmathstutor.com/past-papers/gcse-chemistry/,https://pmt.physicsandmathstutor.com/download/Chemistry/GCSE/Past-Papers/CIE/Paper-5/International/QP/November%202022%20(v3)%20QP.pdf,Cambridge IGCSE Cambridge IGCSE Chemistry (0620) 0620/53 2022 October/November question paper,normalized
cambridge-international,igcse,chemistry,0620,2022-11,0620/53,3,ms,https://www.physicsandmathstutor.com/past-papers/gcse-chemistry/,https://pmt.physicsandmathstutor.com/download/Chemistry/GCSE/Past-Papers/CIE/Paper-5/International/MS/November%202022%20(v3)%20MS.pdf,Cambridge IGCSE Cambridge IGCSE Chemistry (0620) 0620/53 2022 October/November mark scheme,normalized
cambridge-international,igcse,chemistry,0620,2022-11,0620/61,1,qp,https://www.physicsandmathstutor.com/past-papers/gcse-chemistry/,https://pmt.physicsandmathstutor.com/download/Chemistry/GCSE/Past-Papers/CIE/Paper-6/International/QP/November%202022%20(v1)%20QP.pdf,Cambridge IGCSE Cambridge IGCSE Chemistry (0620) 0620/61 2022 October/November question paper,normalized
cambridge-international,igcse,chemistry,0620,2022-11,0620/61,1,ms,https://www.physicsandmathstutor.com/past-papers/gcse-chemistry/,https://pmt.physicsandmathstutor.com/download/Chemistry/GCSE/Past-Papers/CIE/Paper-6/International/MS/November%202022%20(v1)%20MS.pdf,Cambridge IGCSE Cambridge IGCSE Chemistry (0620) 0620/61 2022 October/November mark scheme,normalized
cambridge-international,igcse,chemistry,0620,2022-11,0620/63,3,qp,https://www.physicsandmathstutor.com/past-papers/gcse-chemistry/,https://pmt.physicsandmathstutor.com/download/Chemistry/GCSE/Past-Papers/CIE/Paper-6/International/QP/November%202022%20(v3)%20QP.pdf,Cambridge IGCSE Cambridge IGCSE Chemistry (0620) 0620/63 2022 October/November question paper,normalized
cambridge-international,igcse,chemistry,0620,2022-11,0620/63,3,ms,https://www.physicsandmathstutor.com/past-papers/gcse-chemistry/,https://pmt.physicsandmathstutor.com/download/Chemistry/GCSE/Past-Papers/CIE/Paper-6/International/MS/November%202022%20(v3)%20MS.pdf,Cambridge IGCSE Cambridge IGCSE Chemistry (0620) 0620/63 2022 October/November mark scheme,normalized
cambridge-international,igcse,chemistry,0620,2023-06,0620/11,1,qp,https://www.physicsandmathstutor.com/past-papers/gcse-chemistry/,https://pmt.physicsandmathstutor.com/download/Chemistry/GCSE/Past-Papers/CIE/Paper-1/International/QP/June%202023%20(v1)%20QP.pdf,Cambridge IGCSE Cambridge IGCSE Chemistry (0620) 0620/11 2023 May/June question paper,normalized
cambridge-international,igcse,chemistry,0620,2023-06,0620/11,1,ms,https://www.physicsandmathstutor.com/past-papers/gcse-chemistry/,https://pmt.physicsandmathstutor.com/download/Chemistry/GCSE/Past-Papers/CIE/Paper-1/International/MS/June%202023%20(v1)%20MS.pdf,Cambridge IGCSE Cambridge IGCSE Chemistry (0620) 0620/11 2023 May/June mark scheme,normalized
cambridge-international,igcse,chemistry,0620,2023-06,0620/51,1,qp,https://www.physicsandmathstutor.com/past-papers/gcse-chemistry/,https://pmt.physicsandmathstutor.com/download/Chemistry/GCSE/Past-Papers/CIE/Paper-5/International/QP/June%202023%20(v1)%20QP.pdf,Cambridge IGCSE Cambridge IGCSE Chemistry (0620) 0620/51 2023 May/June question paper,normalized
cambridge-international,igcse,chemistry,0620,2023-06,0620/51,1,ms,https://www.physicsandmathstutor.com/past-papers/gcse-chemistry/,https://pmt.physicsandmathstutor.com/download/Chemistry/GCSE/Past-Papers/CIE/Paper-5/International/MS/June%202023%20(v1)%20MS.pdf,Cambridge IGCSE Cambridge IGCSE Chemistry (0620) 0620/51 2023 May/June mark scheme,normalized
cambridge-international,igcse,chemistry,0620,2023-06,0620/53,3,qp,https://www.physicsandmathstutor.com/past-papers/gcse-chemistry/,https://pmt.physicsandmathstutor.com/download/Chemistry/GCSE/Past-Papers/CIE/Paper-5/International/QP/June%202023%20(v3)%20QP.pdf,Cambridge IGCSE Cambridge IGCSE Chemistry (0620) 0620/53 2023 May/June question paper,normalized
cambridge-international,igcse,chemistry,0620,2023-06,0620/53,3,ms,https://www.physicsandmathstutor.com/past-papers/gcse-chemistry/,https://pmt.physicsandmathstutor.com/download/Chemistry/GCSE/Past-Papers/CIE/Paper-5/International/MS/June%202023%20(v3)%20MS.pdf,Cambridge IGCSE Cambridge IGCSE Chemistry (0620) 0620/53 2023 May/June mark scheme,normalized
cambridge-international,igcse,chemistry,0620,2023-06,0620/61,1,qp,https://www.physicsandmathstutor.com/past-papers/gcse-chemistry/,https://pmt.physicsandmathstutor.com/download/Chemistry/GCSE/Past-Papers/CIE/Paper-6/International/QP/June%202023%20(v1)%20QP.pdf,Cambridge IGCSE Cambridge IGCSE Chemistry (0620) 0620/61 2023 May/June question paper,normalized
cambridge-international,igcse,chemistry,0620,2023-06,0620/61,1,ms,https://www.physicsandmathstutor.com/past-papers/gcse-chemistry/,https://pmt.physicsandmathstutor.com/download/Chemistry/GCSE/Past-Papers/CIE/Paper-6/International/MS/June%202023%20(v1)%20MS.pdf,Cambridge IGCSE Cambridge IGCSE Chemistry (0620) 0620/61 2023 May/June mark scheme,normalized
cambridge-international,igcse,chemistry,0620,2023-06,0620/63,3,qp,https://www.physicsandmathstutor.com/past-papers/gcse-chemistry/,https://pmt.physicsandmathstutor.com/download/Chemistry/GCSE/Past-Papers/CIE/Paper-6/International/QP/June%202023%20(v3)%20QP.pdf,Cambridge IGCSE Cambridge IGCSE Chemistry (0620) 0620/63 2023 May/June question paper,normalized
cambridge-international,igcse,chemistry,0620,2023-06,0620/63,3,ms,https://www.physicsandmathstutor.com/past-papers/gcse-chemistry/,https://pmt.physicsandmathstutor.com/download/Chemistry/GCSE/Past-Papers/CIE/Paper-6/International/MS/June%202023%20(v3)%20MS.pdf,Cambridge IGCSE Cambridge IGCSE Chemistry (0620) 0620/63 2023 May/June mark scheme,normalized
cambridge-international,igcse,chemistry,0620,2023-11,0620/11,1,qp,https://www.physicsandmathstutor.com/past-papers/gcse-chemistry/,https://pmt.physicsandmathstutor.com/download/Chemistry/GCSE/Past-Papers/CIE/Paper-1/International/QP/November%202023%20(v1)%20QP.pdf,Cambridge IGCSE Cambridge IGCSE Chemistry (0620) 0620/11 2023 October/November question paper,normalized
cambridge-international,igcse,chemistry,0620,2023-11,0620/11,1,ms,https://www.physicsandmathstutor.com/past-papers/gcse-chemistry/,https://pmt.physicsandmathstutor.com/download/Chemistry/GCSE/Past-Papers/CIE/Paper-1/International/MS/November%202023%20(v1)%20MS.pdf,Cambridge IGCSE Cambridge IGCSE Chemistry (0620) 0620/11 2023 October/November mark scheme,normalized
cambridge-international,igcse,chemistry,0620,2023-11,0620/53,3,qp,https://www.physicsandmathstutor.com/past-papers/gcse-chemistry/,https://pmt.physicsandmathstutor.com/download/Chemistry/GCSE/Past-Papers/CIE/Paper-5/International/QP/November%202023%20(v3)%20QP.pdf,Cambridge IGCSE Cambridge IGCSE Chemistry (0620) 0620/53 2023 October/November question paper,normalized
cambridge-international,igcse,chemistry,0620,2023-11,0620/53,3,ms,https://www.physicsandmathstutor.com/past-papers/gcse-chemistry/,https://pmt.physicsandmathstutor.com/download/Chemistry/GCSE/Past-Papers/CIE/Paper-5/International/MS/November%202023%20(v3)%20MS.pdf,Cambridge IGCSE Cambridge IGCSE Chemistry (0620) 0620/53 2023 October/November mark scheme,normalized
cambridge-international,igcse,chemistry,0620,2023-11,0620/61,1,qp,https://www.physicsandmathstutor.com/past-papers/gcse-chemistry/,https://pmt.physicsandmathstutor.com/download/Chemistry/GCSE/Past-Papers/CIE/Paper-6/International/QP/November%202023%20(v1)%20QP.pdf,Cambridge IGCSE Cambridge IGCSE Chemistry (0620) 0620/61 2023 October/November question paper,normalized
cambridge-international,igcse,chemistry,0620,2023-11,0620/61,1,ms,https://www.physicsandmathstutor.com/past-papers/gcse-chemistry/,https://pmt.physicsandmathstutor.com/download/Chemistry/GCSE/Past-Papers/CIE/Paper-6/International/MS/November%202023%20(v1)%20MS.pdf,Cambridge IGCSE Cambridge IGCSE Chemistry (0620) 0620/61 2023 October/November mark scheme,normalized
cambridge-international,igcse,chemistry,0620,2023-11,0620/63,3,qp,https://www.physicsandmathstutor.com/past-papers/gcse-chemistry/,https://pmt.physicsandmathstutor.com/download/Chemistry/GCSE/Past-Papers/CIE/Paper-6/International/QP/November%202023%20(v3)%20QP.pdf,Cambridge IGCSE Cambridge IGCSE Chemistry (0620) 0620/63 2023 October/November question paper,normalized
cambridge-international,igcse,chemistry,0620,2023-11,0620/63,3,ms,https://www.physicsandmathstutor.com/past-papers/gcse-chemistry/,https://pmt.physicsandmathstutor.com/download/Chemistry/GCSE/Past-Papers/CIE/Paper-6/International/MS/November%202023%20(v3)%20MS.pdf,Cambridge IGCSE Cambridge IGCSE Chemistry (0620) 0620/63 2023 October/November mark scheme,normalized
cambridge-international,igcse,chemistry,0620,2024-06,0620/11,1,qp,https://www.physicsandmathstutor.com/past-papers/gcse-chemistry/,https://pmt.physicsandmathstutor.com/download/Chemistry/GCSE/Past-Papers/CIE/Paper-1/International/QP/June%202024%20(v1)%20QP.pdf,Cambridge IGCSE Cambridge IGCSE Chemistry (0620) 0620/11 2024 May/June question paper,normalized
cambridge-international,igcse,chemistry,0620,2024-06,0620/11,1,ms,https://www.physicsandmathstutor.com/past-papers/gcse-chemistry/,https://pmt.physicsandmathstutor.com/download/Chemistry/GCSE/Past-Papers/CIE/Paper-1/International/MS/June%202024%20(v1)%20MS.pdf,Cambridge IGCSE Cambridge IGCSE Chemistry (0620) 0620/11 2024 May/June mark scheme,normalized
cambridge-international,igcse,chemistry,0620,2024-06,0620/51,1,qp,https://www.physicsandmathstutor.com/past-papers/gcse-chemistry/,https://pmt.physicsandmathstutor.com/download/Chemistry/GCSE/Past-Papers/CIE/Paper-5/International/QP/June%202024%20(v1)%20QP.pdf,Cambridge IGCSE Cambridge IGCSE Chemistry (0620) 0620/51 2024 May/June question paper,normalized
cambridge-international,igcse,chemistry,0620,2024-06,0620/51,1,ms,https://www.physicsandmathstutor.com/past-papers/gcse-chemistry/,https://pmt.physicsandmathstutor.com/download/Chemistry/GCSE/Past-Papers/CIE/Paper-5/International/MS/June%202024%20(v1)%20MS.pdf,Cambridge IGCSE Cambridge IGCSE Chemistry (0620) 0620/51 2024 May/June mark scheme,normalized
cambridge-international,igcse,chemistry,0620,2024-06,0620/53,3,qp,https://www.physicsandmathstutor.com/past-papers/gcse-chemistry/,https://pmt.physicsandmathstutor.com/download/Chemistry/GCSE/Past-Papers/CIE/Paper-5/International/QP/June%202024%20(v3)%20QP.pdf,Cambridge IGCSE Cambridge IGCSE Chemistry (0620) 0620/53 2024 May/June question paper,normalized
cambridge-international,igcse,chemistry,0620,2024-06,0620/53,3,ms,https://www.physicsandmathstutor.com/past-papers/gcse-chemistry/,https://pmt.physicsandmathstutor.com/download/Chemistry/GCSE/Past-Papers/CIE/Paper-5/International/MS/June%202024%20(v3)%20MS.pdf,Cambridge IGCSE Cambridge IGCSE Chemistry (0620) 0620/53 2024 May/June mark scheme,normalized
cambridge-international,igcse,chemistry,0620,2024-06,0620/61,1,qp,https://www.physicsandmathstutor.com/past-papers/gcse-chemistry/,https://pmt.physicsandmathstutor.com/download/Chemistry/GCSE/Past-Papers/CIE/Paper-6/International/QP/June%202024%20(v1)%20QP.pdf,Cambridge IGCSE Cambridge IGCSE Chemistry (0620) 0620/61 2024 May/June question paper,normalized
cambridge-international,igcse,chemistry,0620,2024-06,0620/61,1,ms,https://www.physicsandmathstutor.com/past-papers/gcse-chemistry/,https://pmt.physicsandmathstutor.com/download/Chemistry/GCSE/Past-Papers/CIE/Paper-6/International/MS/June%202024%20(v1)%20MS.pdf,Cambridge IGCSE Cambridge IGCSE Chemistry (0620) 0620/61 2024 May/June mark scheme,normalized
cambridge-international,igcse,chemistry,0620,2024-06,0620/63,3,qp,https://www.physicsandmathstutor.com/past-papers/gcse-chemistry/,https://pmt.physicsandmathstutor.com/download/Chemistry/GCSE/Past-Papers/CIE/Paper-6/International/QP/June%202024%20(v3)%20QP.pdf,Cambridge IGCSE Cambridge IGCSE Chemistry (0620) 0620/63 2024 May/June question paper,normalized
cambridge-international,igcse,chemistry,0620,2024-06,0620/63,3,ms,https://www.physicsandmathstutor.com/past-papers/gcse-chemistry/,https://pmt.physicsandmathstutor.com/download/Chemistry/GCSE/Past-Papers/CIE/Paper-6/International/MS/June%202024%20(v3)%20MS.pdf,Cambridge IGCSE Cambridge IGCSE Chemistry (0620) 0620/63 2024 May/June mark scheme,normalized
cambridge-international,igcse,chemistry,0620,2024-11,0620/11,1,qp,https://www.physicsandmathstutor.com/past-papers/gcse-chemistry/,https://pmt.physicsandmathstutor.com/download/Chemistry/GCSE/Past-Papers/CIE/Paper-1/International/QP/November%202024%20(v1)%20QP.pdf,Cambridge IGCSE Cambridge IGCSE Chemistry (0620) 0620/11 2024 October/November question paper,normalized
cambridge-international,igcse,chemistry,0620,2024-11,0620/11,1,ms,https://www.physicsandmathstutor.com/past-papers/gcse-chemistry/,https://pmt.physicsandmathstutor.com/download/Chemistry/GCSE/Past-Papers/CIE/Paper-1/International/MS/November%202024%20(v1)%20MS.pdf,Cambridge IGCSE Cambridge IGCSE Chemistry (0620) 0620/11 2024 October/November mark scheme,normalized
cambridge-international,igcse,chemistry,0620,2024-11,0620/53,3,qp,https://www.physicsandmathstutor.com/past-papers/gcse-chemistry/,https://pmt.physicsandmathstutor.com/download/Chemistry/GCSE/Past-Papers/CIE/Paper-5/International/QP/November%202024%20(v3)%20QP.pdf,Cambridge IGCSE Cambridge IGCSE Chemistry (0620) 0620/53 2024 October/November question paper,normalized
cambridge-international,igcse,chemistry,0620,2024-11,0620/53,3,ms,https://www.physicsandmathstutor.com/past-papers/gcse-chemistry/,https://pmt.physicsandmathstutor.com/download/Chemistry/GCSE/Past-Papers/CIE/Paper-5/International/MS/November%202024%20(v3)%20MS.pdf,Cambridge IGCSE Cambridge IGCSE Chemistry (0620) 0620/53 2024 October/November mark scheme,normalized
cambridge-international,igcse,chemistry,0620,2024-11,0620/61,1,qp,https://www.physicsandmathstutor.com/past-papers/gcse-chemistry/,https://pmt.physicsandmathstutor.com/download/Chemistry/GCSE/Past-Papers/CIE/Paper-6/International/QP/November%202024%20(v1)%20QP.pdf,Cambridge IGCSE Cambridge IGCSE Chemistry (0620) 0620/61 2024 October/November question paper,normalized
cambridge-international,igcse,chemistry,0620,2024-11,0620/61,1,ms,https://www.physicsandmathstutor.com/past-papers/gcse-chemistry/,https://pmt.physicsandmathstutor.com/download/Chemistry/GCSE/Past-Papers/CIE/Paper-6/International/MS/November%202024%20(v1)%20MS.pdf,Cambridge IGCSE Cambridge IGCSE Chemistry (0620) 0620/61 2024 October/November mark scheme,normalized
cambridge-international,igcse,chemistry,0620,2024-11,0620/63,3,qp,https://www.physicsandmathstutor.com/past-papers/gcse-chemistry/,https://pmt.physicsandmathstutor.com/download/Chemistry/GCSE/Past-Papers/CIE/Paper-6/International/QP/November%202024%20(v3)%20QP.pdf,Cambridge IGCSE Cambridge IGCSE Chemistry (0620) 0620/63 2024 October/November question paper,normalized
cambridge-international,igcse,chemistry,0620,2024-11,0620/63,3,ms,https://www.physicsandmathstutor.com/past-papers/gcse-chemistry/,https://pmt.physicsandmathstutor.com/download/Chemistry/GCSE/Past-Papers/CIE/Paper-6/International/MS/November%202024%20(v3)%20MS.pdf,Cambridge IGCSE Cambridge IGCSE Chemistry (0620) 0620/63 2024 October/November mark scheme,normalized
cambridge-international,igcse,chemistry,0620,2025-03,0620/12,2,qp,https://www.physicsandmathstutor.com/past-papers/gcse-chemistry/,https://pmt.physicsandmathstutor.com/download/Chemistry/GCSE/Past-Papers/CIE/Paper-1/International/QP/March%202025%20(v2)%20QP.pdf,Cambridge IGCSE Cambridge IGCSE Chemistry (0620) 0620/12 2025 February/March question paper,normalized
cambridge-international,igcse,chemistry,0620,2025-03,0620/12,2,ms,https://www.physicsandmathstutor.com/past-papers/gcse-chemistry/,https://pmt.physicsandmathstutor.com/download/Chemistry/GCSE/Past-Papers/CIE/Paper-1/International/MS/March%202025%20(v2)%20MS.pdf,Cambridge IGCSE Cambridge IGCSE Chemistry (0620) 0620/12 2025 February/March mark scheme,normalized
cambridge-international,igcse,chemistry,0620,2025-03,0620/22,2,qp,https://www.physicsandmathstutor.com/past-papers/gcse-chemistry/,https://pmt.physicsandmathstutor.com/download/Chemistry/GCSE/Past-Papers/CIE/Paper-2/International/QP/March%202025%20(v2)%20QP.pdf,Cambridge IGCSE Cambridge IGCSE Chemistry (0620) 0620/22 2025 February/March question paper,normalized
cambridge-international,igcse,chemistry,0620,2025-03,0620/22,2,ms,https://www.physicsandmathstutor.com/past-papers/gcse-chemistry/,https://pmt.physicsandmathstutor.com/download/Chemistry/GCSE/Past-Papers/CIE/Paper-2/International/MS/March%202025%20(v2)%20MS.pdf,Cambridge IGCSE Cambridge IGCSE Chemistry (0620) 0620/22 2025 February/March mark scheme,normalized
cambridge-international,igcse,chemistry,0620,2025-03,0620/32,2,qp,https://www.physicsandmathstutor.com/past-papers/gcse-chemistry/,https://pmt.physicsandmathstutor.com/download/Chemistry/GCSE/Past-Papers/CIE/Paper-3/International/QP/March%202025%20(v2)%20QP.pdf,Cambridge IGCSE Cambridge IGCSE Chemistry (0620) 0620/32 2025 February/March question paper,normalized
cambridge-international,igcse,chemistry,0620,2025-03,0620/32,2,ms,https://www.physicsandmathstutor.com/past-papers/gcse-chemistry/,https://pmt.physicsandmathstutor.com/download/Chemistry/GCSE/Past-Papers/CIE/Paper-3/International/MS/March%202025%20(v2)%20MS.pdf,Cambridge IGCSE Cambridge IGCSE Chemistry (0620) 0620/32 2025 February/March mark scheme,normalized
cambridge-international,igcse,chemistry,0620,2025-03,0620/42,2,qp,https://www.physicsandmathstutor.com/past-papers/gcse-chemistry/,https://pmt.physicsandmathstutor.com/download/Chemistry/GCSE/Past-Papers/CIE/Paper-4/International/QP/March%202025%20(v2)%20QP.pdf,Cambridge IGCSE Cambridge IGCSE Chemistry (0620) 0620/42 2025 February/March question paper,normalized
cambridge-international,igcse,chemistry,0620,2025-03,0620/42,2,ms,https://www.physicsandmathstutor.com/past-papers/gcse-chemistry/,https://pmt.physicsandmathstutor.com/download/Chemistry/GCSE/Past-Papers/CIE/Paper-4/International/MS/March%202025%20(v2)%20MS.pdf,Cambridge IGCSE Cambridge IGCSE Chemistry (0620) 0620/42 2025 February/March mark scheme,normalized
cambridge-international,igcse,chemistry,0620,2025-03,0620/52,2,qp,https://www.physicsandmathstutor.com/past-papers/gcse-chemistry/,https://pmt.physicsandmathstutor.com/download/Chemistry/GCSE/Past-Papers/CIE/Paper-5/International/QP/March%202025%20(v2)%20QP.pdf,Cambridge IGCSE Cambridge IGCSE Chemistry (0620) 0620/52 2025 February/March question paper,normalized
cambridge-international,igcse,chemistry,0620,2025-03,0620/52,2,ms,https://www.physicsandmathstutor.com/past-papers/gcse-chemistry/,https://pmt.physicsandmathstutor.com/download/Chemistry/GCSE/Past-Papers/CIE/Paper-5/International/MS/March%202025%20(v2)%20MS.pdf,Cambridge IGCSE Cambridge IGCSE Chemistry (0620) 0620/52 2025 February/March mark scheme,normalized
cambridge-international,igcse,chemistry,0620,2025-03,0620/62,2,qp,https://www.physicsandmathstutor.com/past-papers/gcse-chemistry/,https://pmt.physicsandmathstutor.com/download/Chemistry/GCSE/Past-Papers/CIE/Paper-6/International/QP/March%202025%20(v2)%20QP.pdf,Cambridge IGCSE Cambridge IGCSE Chemistry (0620) 0620/62 2025 February/March question paper,normalized
cambridge-international,igcse,chemistry,0620,2025-03,0620/62,2,ms,https://www.physicsandmathstutor.com/past-papers/gcse-chemistry/,https://pmt.physicsandmathstutor.com/download/Chemistry/GCSE/Past-Papers/CIE/Paper-6/International/MS/March%202025%20(v2)%20MS.pdf,Cambridge IGCSE Cambridge IGCSE Chemistry (0620) 0620/62 2025 February/March mark scheme,normalized
cambridge-international,igcse,chemistry,0620,2025-06,0620/11,1,qp,https://www.physicsandmathstutor.com/past-papers/gcse-chemistry/,https://pmt.physicsandmathstutor.com/download/Chemistry/GCSE/Past-Papers/CIE/Paper-1/International/QP/June%202025%20(v1)%20QP.pdf,Cambridge IGCSE Cambridge IGCSE Chemistry (0620) 0620/11 2025 May/June question paper,normalized
cambridge-international,igcse,chemistry,0620,2025-06,0620/11,1,ms,https://www.physicsandmathstutor.com/past-papers/gcse-chemistry/,https://pmt.physicsandmathstutor.com/download/Chemistry/GCSE/Past-Papers/CIE/Paper-1/International/MS/June%202025%20(v1)%20MS.pdf,Cambridge IGCSE Cambridge IGCSE Chemistry (0620) 0620/11 2025 May/June mark scheme,normalized
cambridge-international,igcse,chemistry,0620,2025-06,0620/12,2,qp,https://www.physicsandmathstutor.com/past-papers/gcse-chemistry/,https://pmt.physicsandmathstutor.com/download/Chemistry/GCSE/Past-Papers/CIE/Paper-1/International/QP/June%202025%20(v2)%20QP.pdf,Cambridge IGCSE Cambridge IGCSE Chemistry (0620) 0620/12 2025 May/June question paper,normalized
cambridge-international,igcse,chemistry,0620,2025-06,0620/12,2,ms,https://www.physicsandmathstutor.com/past-papers/gcse-chemistry/,https://pmt.physicsandmathstutor.com/download/Chemistry/GCSE/Past-Papers/CIE/Paper-1/International/MS/June%202025%20(v2)%20MS.pdf,Cambridge IGCSE Cambridge IGCSE Chemistry (0620) 0620/12 2025 May/June mark scheme,normalized
cambridge-international,igcse,chemistry,0620,2025-06,0620/13,3,qp,https://www.physicsandmathstutor.com/past-papers/gcse-chemistry/,https://pmt.physicsandmathstutor.com/download/Chemistry/GCSE/Past-Papers/CIE/Paper-1/International/QP/June%202025%20(v3)%20QP.pdf,Cambridge IGCSE Cambridge IGCSE Chemistry (0620) 0620/13 2025 May/June question paper,normalized
cambridge-international,igcse,chemistry,0620,2025-06,0620/13,3,ms,https://www.physicsandmathstutor.com/past-papers/gcse-chemistry/,https://pmt.physicsandmathstutor.com/download/Chemistry/GCSE/Past-Papers/CIE/Paper-1/International/MS/June%202025%20(v3)%20MS.pdf,Cambridge IGCSE Cambridge IGCSE Chemistry (0620) 0620/13 2025 May/June mark scheme,normalized
cambridge-international,igcse,chemistry,0620,2025-06,0620/21,1,qp,https://www.physicsandmathstutor.com/past-papers/gcse-chemistry/,https://pmt.physicsandmathstutor.com/download/Chemistry/GCSE/Past-Papers/CIE/Paper-2/International/QP/June%202025%20(v1)%20QP.pdf,Cambridge IGCSE Cambridge IGCSE Chemistry (0620) 0620/21 2025 May/June question paper,normalized
cambridge-international,igcse,chemistry,0620,2025-06,0620/21,1,ms,https://www.physicsandmathstutor.com/past-papers/gcse-chemistry/,https://pmt.physicsandmathstutor.com/download/Chemistry/GCSE/Past-Papers/CIE/Paper-2/International/MS/June%202025%20(v1)%20MS.pdf,Cambridge IGCSE Cambridge IGCSE Chemistry (0620) 0620/21 2025 May/June mark scheme,normalized
cambridge-international,igcse,chemistry,0620,2025-06,0620/22,2,qp,https://www.physicsandmathstutor.com/past-papers/gcse-chemistry/,https://pmt.physicsandmathstutor.com/download/Chemistry/GCSE/Past-Papers/CIE/Paper-2/International/QP/June%202025%20(v2)%20QP.pdf,Cambridge IGCSE Cambridge IGCSE Chemistry (0620) 0620/22 2025 May/June question paper,normalized
cambridge-international,igcse,chemistry,0620,2025-06,0620/22,2,ms,https://www.physicsandmathstutor.com/past-papers/gcse-chemistry/,https://pmt.physicsandmathstutor.com/download/Chemistry/GCSE/Past-Papers/CIE/Paper-2/International/MS/June%202025%20(v2)%20MS.pdf,Cambridge IGCSE Cambridge IGCSE Chemistry (0620) 0620/22 2025 May/June mark scheme,normalized
cambridge-international,igcse,chemistry,0620,2025-06,0620/23,3,qp,https://www.physicsandmathstutor.com/past-papers/gcse-chemistry/,https://pmt.physicsandmathstutor.com/download/Chemistry/GCSE/Past-Papers/CIE/Paper-2/International/QP/June%202025%20(v3)%20QP.pdf,Cambridge IGCSE Cambridge IGCSE Chemistry (0620) 0620/23 2025 May/June question paper,normalized
cambridge-international,igcse,chemistry,0620,2025-06,0620/23,3,ms,https://www.physicsandmathstutor.com/past-papers/gcse-chemistry/,https://pmt.physicsandmathstutor.com/download/Chemistry/GCSE/Past-Papers/CIE/Paper-2/International/MS/June%202025%20(v3)%20MS.pdf,Cambridge IGCSE Cambridge IGCSE Chemistry (0620) 0620/23 2025 May/June mark scheme,normalized
cambridge-international,igcse,chemistry,0620,2025-06,0620/31,1,qp,https://www.physicsandmathstutor.com/past-papers/gcse-chemistry/,https://pmt.physicsandmathstutor.com/download/Chemistry/GCSE/Past-Papers/CIE/Paper-3/International/QP/June%202025%20(v1)%20QP.pdf,Cambridge IGCSE Cambridge IGCSE Chemistry (0620) 0620/31 2025 May/June question paper,normalized
cambridge-international,igcse,chemistry,0620,2025-06,0620/31,1,ms,https://www.physicsandmathstutor.com/past-papers/gcse-chemistry/,https://pmt.physicsandmathstutor.com/download/Chemistry/GCSE/Past-Papers/CIE/Paper-3/International/MS/June%202025%20(v1)%20MS.pdf,Cambridge IGCSE Cambridge IGCSE Chemistry (0620) 0620/31 2025 May/June mark scheme,normalized
cambridge-international,igcse,chemistry,0620,2025-06,0620/32,2,qp,https://www.physicsandmathstutor.com/past-papers/gcse-chemistry/,https://pmt.physicsandmathstutor.com/download/Chemistry/GCSE/Past-Papers/CIE/Paper-3/International/QP/June%202025%20(v2)%20QP.pdf,Cambridge IGCSE Cambridge IGCSE Chemistry (0620) 0620/32 2025 May/June question paper,normalized
cambridge-international,igcse,chemistry,0620,2025-06,0620/32,2,ms,https://www.physicsandmathstutor.com/past-papers/gcse-chemistry/,https://pmt.physicsandmathstutor.com/download/Chemistry/GCSE/Past-Papers/CIE/Paper-3/International/MS/June%202025%20(v2)%20MS.pdf,Cambridge IGCSE Cambridge IGCSE Chemistry (0620) 0620/32 2025 May/June mark scheme,normalized
cambridge-international,igcse,chemistry,0620,2025-06,0620/33,3,qp,https://www.physicsandmathstutor.com/past-papers/gcse-chemistry/,https://pmt.physicsandmathstutor.com/download/Chemistry/GCSE/Past-Papers/CIE/Paper-3/International/QP/June%202025%20(v3)%20QP.pdf,Cambridge IGCSE Cambridge IGCSE Chemistry (0620) 0620/33 2025 May/June question paper,normalized
cambridge-international,igcse,chemistry,0620,2025-06,0620/33,3,ms,https://www.physicsandmathstutor.com/past-papers/gcse-chemistry/,https://pmt.physicsandmathstutor.com/download/Chemistry/GCSE/Past-Papers/CIE/Paper-3/International/MS/June%202025%20(v3)%20MS.pdf,Cambridge IGCSE Cambridge IGCSE Chemistry (0620) 0620/33 2025 May/June mark scheme,normalized
cambridge-international,igcse,chemistry,0620,2025-06,0620/41,1,qp,https://www.physicsandmathstutor.com/past-papers/gcse-chemistry/,https://pmt.physicsandmathstutor.com/download/Chemistry/GCSE/Past-Papers/CIE/Paper-4/International/QP/June%202025%20(v1)%20QP.pdf,Cambridge IGCSE Cambridge IGCSE Chemistry (0620) 0620/41 2025 May/June question paper,normalized
cambridge-international,igcse,chemistry,0620,2025-06,0620/41,1,ms,https://www.physicsandmathstutor.com/past-papers/gcse-chemistry/,https://pmt.physicsandmathstutor.com/download/Chemistry/GCSE/Past-Papers/CIE/Paper-4/International/MS/June%202025%20(v1)%20MS.pdf,Cambridge IGCSE Cambridge IGCSE Chemistry (0620) 0620/41 2025 May/June mark scheme,normalized
cambridge-international,igcse,chemistry,0620,2025-06,0620/42,2,qp,https://www.physicsandmathstutor.com/past-papers/gcse-chemistry/,https://pmt.physicsandmathstutor.com/download/Chemistry/GCSE/Past-Papers/CIE/Paper-4/International/QP/June%202025%20(v2)%20QP.pdf,Cambridge IGCSE Cambridge IGCSE Chemistry (0620) 0620/42 2025 May/June question paper,normalized
cambridge-international,igcse,chemistry,0620,2025-06,0620/42,2,ms,https://www.physicsandmathstutor.com/past-papers/gcse-chemistry/,https://pmt.physicsandmathstutor.com/download/Chemistry/GCSE/Past-Papers/CIE/Paper-4/International/MS/June%202025%20(v2)%20MS.pdf,Cambridge IGCSE Cambridge IGCSE Chemistry (0620) 0620/42 2025 May/June mark scheme,normalized
cambridge-international,igcse,chemistry,0620,2025-06,0620/43,3,qp,https://www.physicsandmathstutor.com/past-papers/gcse-chemistry/,https://pmt.physicsandmathstutor.com/download/Chemistry/GCSE/Past-Papers/CIE/Paper-4/International/QP/June%202025%20(v3)%20QP.pdf,Cambridge IGCSE Cambridge IGCSE Chemistry (0620) 0620/43 2025 May/June question paper,normalized
cambridge-international,igcse,chemistry,0620,2025-06,0620/43,3,ms,https://www.physicsandmathstutor.com/past-papers/gcse-chemistry/,https://pmt.physicsandmathstutor.com/download/Chemistry/GCSE/Past-Papers/CIE/Paper-4/International/MS/June%202025%20(v3)%20MS.pdf,Cambridge IGCSE Cambridge IGCSE Chemistry (0620) 0620/43 2025 May/June mark scheme,normalized
cambridge-international,igcse,chemistry,0620,2025-06,0620/51,1,qp,https://www.physicsandmathstutor.com/past-papers/gcse-chemistry/,https://pmt.physicsandmathstutor.com/download/Chemistry/GCSE/Past-Papers/CIE/Paper-5/International/QP/June%202025%20(v1)%20QP.pdf,Cambridge IGCSE Cambridge IGCSE Chemistry (0620) 0620/51 2025 May/June question paper,normalized
cambridge-international,igcse,chemistry,0620,2025-06,0620/51,1,ms,https://www.physicsandmathstutor.com/past-papers/gcse-chemistry/,https://pmt.physicsandmathstutor.com/download/Chemistry/GCSE/Past-Papers/CIE/Paper-5/International/MS/June%202025%20(v1)%20MS.pdf,Cambridge IGCSE Cambridge IGCSE Chemistry (0620) 0620/51 2025 May/June mark scheme,normalized
cambridge-international,igcse,chemistry,0620,2025-06,0620/52,2,qp,https://www.physicsandmathstutor.com/past-papers/gcse-chemistry/,https://pmt.physicsandmathstutor.com/download/Chemistry/GCSE/Past-Papers/CIE/Paper-5/International/QP/June%202025%20(v2)%20QP.pdf,Cambridge IGCSE Cambridge IGCSE Chemistry (0620) 0620/52 2025 May/June question paper,normalized
cambridge-international,igcse,chemistry,0620,2025-06,0620/52,2,ms,https://www.physicsandmathstutor.com/past-papers/gcse-chemistry/,https://pmt.physicsandmathstutor.com/download/Chemistry/GCSE/Past-Papers/CIE/Paper-5/International/MS/June%202025%20(v2)%20MS.pdf,Cambridge IGCSE Cambridge IGCSE Chemistry (0620) 0620/52 2025 May/June mark scheme,normalized
cambridge-international,igcse,chemistry,0620,2025-06,0620/53,3,qp,https://www.physicsandmathstutor.com/past-papers/gcse-chemistry/,https://pmt.physicsandmathstutor.com/download/Chemistry/GCSE/Past-Papers/CIE/Paper-5/International/QP/June%202025%20(v3)%20QP.pdf,Cambridge IGCSE Cambridge IGCSE Chemistry (0620) 0620/53 2025 May/June question paper,normalized
cambridge-international,igcse,chemistry,0620,2025-06,0620/53,3,ms,https://www.physicsandmathstutor.com/past-papers/gcse-chemistry/,https://pmt.physicsandmathstutor.com/download/Chemistry/GCSE/Past-Papers/CIE/Paper-5/International/MS/June%202025%20(v3)%20MS.pdf,Cambridge IGCSE Cambridge IGCSE Chemistry (0620) 0620/53 2025 May/June mark scheme,normalized
cambridge-international,igcse,chemistry,0620,2025-06,0620/61,1,qp,https://www.physicsandmathstutor.com/past-papers/gcse-chemistry/,https://pmt.physicsandmathstutor.com/download/Chemistry/GCSE/Past-Papers/CIE/Paper-6/International/QP/June%202025%20(v1)%20QP.pdf,Cambridge IGCSE Cambridge IGCSE Chemistry (0620) 0620/61 2025 May/June question paper,normalized
cambridge-international,igcse,chemistry,0620,2025-06,0620/61,1,ms,https://www.physicsandmathstutor.com/past-papers/gcse-chemistry/,https://pmt.physicsandmathstutor.com/download/Chemistry/GCSE/Past-Papers/CIE/Paper-6/International/MS/June%202025%20(v1)%20MS.pdf,Cambridge IGCSE Cambridge IGCSE Chemistry (0620) 0620/61 2025 May/June mark scheme,normalized
cambridge-international,igcse,chemistry,0620,2025-06,0620/62,2,qp,https://www.physicsandmathstutor.com/past-papers/gcse-chemistry/,https://pmt.physicsandmathstutor.com/download/Chemistry/GCSE/Past-Papers/CIE/Paper-6/International/QP/June%202025%20(v2)%20QP.pdf,Cambridge IGCSE Cambridge IGCSE Chemistry (0620) 0620/62 2025 May/June question paper,normalized
cambridge-international,igcse,chemistry,0620,2025-06,0620/62,2,ms,https://www.physicsandmathstutor.com/past-papers/gcse-chemistry/,https://pmt.physicsandmathstutor.com/download/Chemistry/GCSE/Past-Papers/CIE/Paper-6/International/MS/June%202025%20(v2)%20MS.pdf,Cambridge IGCSE Cambridge IGCSE Chemistry (0620) 0620/62 2025 May/June mark scheme,normalized
cambridge-international,igcse,chemistry,0620,2025-06,0620/63,3,qp,https://www.physicsandmathstutor.com/past-papers/gcse-chemistry/,https://pmt.physicsandmathstutor.com/download/Chemistry/GCSE/Past-Papers/CIE/Paper-6/International/QP/June%202025%20(v3)%20QP.pdf,Cambridge IGCSE Cambridge IGCSE Chemistry (0620) 0620/63 2025 May/June question paper,normalized
cambridge-international,igcse,chemistry,0620,2025-06,0620/63,3,ms,https://www.physicsandmathstutor.com/past-papers/gcse-chemistry/,https://pmt.physicsandmathstutor.com/download/Chemistry/GCSE/Past-Papers/CIE/Paper-6/International/MS/June%202025%20(v3)%20MS.pdf,Cambridge IGCSE Cambridge IGCSE Chemistry (0620) 0620/63 2025 May/June mark scheme,normalized
cambridge-international,igcse,physics,0625,2021-06,0625/11,1,qp,https://www.physicsandmathstutor.com/past-papers/gcse-physics/,https://pmt.physicsandmathstutor.com/download/Physics/GCSE/Past-Papers/CIE/Paper-1/International/QP/June%202021%20(v1)%20QP.pdf,Cambridge IGCSE Cambridge IGCSE Physics (0625) 0625/11 2021 May/June question paper,normalized
cambridge-international,igcse,physics,0625,2021-06,0625/11,1,ms,https://www.physicsandmathstutor.com/past-papers/gcse-physics/,https://pmt.physicsandmathstutor.com/download/Physics/GCSE/Past-Papers/CIE/Paper-1/International/MS/June%202021%20(v1)%20MS.pdf,Cambridge IGCSE Cambridge IGCSE Physics (0625) 0625/11 2021 May/June mark scheme,normalized
cambridge-international,igcse,physics,0625,2021-06,0625/51,1,qp,https://www.physicsandmathstutor.com/past-papers/gcse-physics/,https://pmt.physicsandmathstutor.com/download/Physics/GCSE/Past-Papers/CIE/Paper-5/International/QP/June%202021%20(v1)%20QP.pdf,Cambridge IGCSE Cambridge IGCSE Physics (0625) 0625/51 2021 May/June question paper,normalized
cambridge-international,igcse,physics,0625,2021-06,0625/51,1,ms,https://www.physicsandmathstutor.com/past-papers/gcse-physics/,https://pmt.physicsandmathstutor.com/download/Physics/GCSE/Past-Papers/CIE/Paper-5/International/MS/June%202021%20(v1)%20MS.pdf,Cambridge IGCSE Cambridge IGCSE Physics (0625) 0625/51 2021 May/June mark scheme,normalized
cambridge-international,igcse,physics,0625,2021-06,0625/53,3,qp,https://www.physicsandmathstutor.com/past-papers/gcse-physics/,https://pmt.physicsandmathstutor.com/download/Physics/GCSE/Past-Papers/CIE/Paper-5/International/QP/June%202021%20(v3)%20QP.pdf,Cambridge IGCSE Cambridge IGCSE Physics (0625) 0625/53 2021 May/June question paper,normalized
cambridge-international,igcse,physics,0625,2021-06,0625/53,3,ms,https://www.physicsandmathstutor.com/past-papers/gcse-physics/,https://pmt.physicsandmathstutor.com/download/Physics/GCSE/Past-Papers/CIE/Paper-5/International/MS/June%202021%20(v3)%20MS.pdf,Cambridge IGCSE Cambridge IGCSE Physics (0625) 0625/53 2021 May/June mark scheme,normalized
cambridge-international,igcse,physics,0625,2021-06,0625/61,1,qp,https://www.physicsandmathstutor.com/past-papers/gcse-physics/,https://pmt.physicsandmathstutor.com/download/Physics/GCSE/Past-Papers/CIE/Paper-6/International/QP/June%202021%20(v1)%20QP.pdf,Cambridge IGCSE Cambridge IGCSE Physics (0625) 0625/61 2021 May/June question paper,normalized
cambridge-international,igcse,physics,0625,2021-06,0625/61,1,ms,https://www.physicsandmathstutor.com/past-papers/gcse-physics/,https://pmt.physicsandmathstutor.com/download/Physics/GCSE/Past-Papers/CIE/Paper-6/International/MS/June%202021%20(v1)%20MS.pdf,Cambridge IGCSE Cambridge IGCSE Physics (0625) 0625/61 2021 May/June mark scheme,normalized
cambridge-international,igcse,physics,0625,2021-06,0625/63,3,qp,https://www.physicsandmathstutor.com/past-papers/gcse-physics/,https://pmt.physicsandmathstutor.com/download/Physics/GCSE/Past-Papers/CIE/Paper-6/International/QP/June%202021%20(v3)%20QP.pdf,Cambridge IGCSE Cambridge IGCSE Physics (0625) 0625/63 2021 May/June question paper,normalized
cambridge-international,igcse,physics,0625,2021-06,0625/63,3,ms,https://www.physicsandmathstutor.com/past-papers/gcse-physics/,https://pmt.physicsandmathstutor.com/download/Physics/GCSE/Past-Papers/CIE/Paper-6/International/MS/June%202021%20(v3)%20MS.pdf,Cambridge IGCSE Cambridge IGCSE Physics (0625) 0625/63 2021 May/June mark scheme,normalized
cambridge-international,igcse,physics,0625,2021-11,0625/11,1,qp,https://www.physicsandmathstutor.com/past-papers/gcse-physics/,https://pmt.physicsandmathstutor.com/download/Physics/GCSE/Past-Papers/CIE/Paper-1/International/QP/November%202021%20(v1)%20QP.pdf,Cambridge IGCSE Cambridge IGCSE Physics (0625) 0625/11 2021 October/November question paper,normalized
cambridge-international,igcse,physics,0625,2021-11,0625/11,1,ms,https://www.physicsandmathstutor.com/past-papers/gcse-physics/,https://pmt.physicsandmathstutor.com/download/Physics/GCSE/Past-Papers/CIE/Paper-1/International/MS/November%202021%20(v1)%20MS.pdf,Cambridge IGCSE Cambridge IGCSE Physics (0625) 0625/11 2021 October/November mark scheme,normalized
cambridge-international,igcse,physics,0625,2021-11,0625/51,1,qp,https://www.physicsandmathstutor.com/past-papers/gcse-physics/,https://pmt.physicsandmathstutor.com/download/Physics/GCSE/Past-Papers/CIE/Paper-5/International/QP/November%202021%20(v1)%20QP.pdf,Cambridge IGCSE Cambridge IGCSE Physics (0625) 0625/51 2021 October/November question paper,normalized
cambridge-international,igcse,physics,0625,2021-11,0625/51,1,ms,https://www.physicsandmathstutor.com/past-papers/gcse-physics/,https://pmt.physicsandmathstutor.com/download/Physics/GCSE/Past-Papers/CIE/Paper-5/International/MS/November%202021%20(v1)%20MS.pdf,Cambridge IGCSE Cambridge IGCSE Physics (0625) 0625/51 2021 October/November mark scheme,normalized
cambridge-international,igcse,physics,0625,2021-11,0625/53,3,qp,https://www.physicsandmathstutor.com/past-papers/gcse-physics/,https://pmt.physicsandmathstutor.com/download/Physics/GCSE/Past-Papers/CIE/Paper-5/International/QP/November%202021%20(v3)%20QP.pdf,Cambridge IGCSE Cambridge IGCSE Physics (0625) 0625/53 2021 October/November question paper,normalized
cambridge-international,igcse,physics,0625,2021-11,0625/53,3,ms,https://www.physicsandmathstutor.com/past-papers/gcse-physics/,https://pmt.physicsandmathstutor.com/download/Physics/GCSE/Past-Papers/CIE/Paper-5/International/MS/November%202021%20(v3)%20MS.pdf,Cambridge IGCSE Cambridge IGCSE Physics (0625) 0625/53 2021 October/November mark scheme,normalized
cambridge-international,igcse,physics,0625,2021-11,0625/61,1,qp,https://www.physicsandmathstutor.com/past-papers/gcse-physics/,https://pmt.physicsandmathstutor.com/download/Physics/GCSE/Past-Papers/CIE/Paper-6/International/QP/November%202021%20(v1)%20QP.pdf,Cambridge IGCSE Cambridge IGCSE Physics (0625) 0625/61 2021 October/November question paper,normalized
cambridge-international,igcse,physics,0625,2021-11,0625/61,1,ms,https://www.physicsandmathstutor.com/past-papers/gcse-physics/,https://pmt.physicsandmathstutor.com/download/Physics/GCSE/Past-Papers/CIE/Paper-6/International/MS/November%202021%20(v1)%20MS.pdf,Cambridge IGCSE Cambridge IGCSE Physics (0625) 0625/61 2021 October/November mark scheme,normalized
cambridge-international,igcse,physics,0625,2021-11,0625/63,3,qp,https://www.physicsandmathstutor.com/past-papers/gcse-physics/,https://pmt.physicsandmathstutor.com/download/Physics/GCSE/Past-Papers/CIE/Paper-6/International/QP/November%202021%20(v3)%20QP.pdf,Cambridge IGCSE Cambridge IGCSE Physics (0625) 0625/63 2021 October/November question paper,normalized
cambridge-international,igcse,physics,0625,2021-11,0625/63,3,ms,https://www.physicsandmathstutor.com/past-papers/gcse-physics/,https://pmt.physicsandmathstutor.com/download/Physics/GCSE/Past-Papers/CIE/Paper-6/International/MS/November%202021%20(v3)%20MS.pdf,Cambridge IGCSE Cambridge IGCSE Physics (0625) 0625/63 2021 October/November mark scheme,normalized
cambridge-international,igcse,physics,0625,2022-06,0625/11,1,qp,https://www.physicsandmathstutor.com/past-papers/gcse-physics/,https://pmt.physicsandmathstutor.com/download/Physics/GCSE/Past-Papers/CIE/Paper-1/International/QP/June%202022%20(v1)%20QP.pdf,Cambridge IGCSE Cambridge IGCSE Physics (0625) 0625/11 2022 May/June question paper,normalized
cambridge-international,igcse,physics,0625,2022-06,0625/11,1,ms,https://www.physicsandmathstutor.com/past-papers/gcse-physics/,https://pmt.physicsandmathstutor.com/download/Physics/GCSE/Past-Papers/CIE/Paper-1/International/MS/June%202022%20(v1)%20MS.pdf,Cambridge IGCSE Cambridge IGCSE Physics (0625) 0625/11 2022 May/June mark scheme,normalized
cambridge-international,igcse,physics,0625,2022-06,0625/51,1,qp,https://www.physicsandmathstutor.com/past-papers/gcse-physics/,https://pmt.physicsandmathstutor.com/download/Physics/GCSE/Past-Papers/CIE/Paper-5/International/QP/June%202022%20(v1)%20QP.pdf,Cambridge IGCSE Cambridge IGCSE Physics (0625) 0625/51 2022 May/June question paper,normalized
cambridge-international,igcse,physics,0625,2022-06,0625/51,1,ms,https://www.physicsandmathstutor.com/past-papers/gcse-physics/,https://pmt.physicsandmathstutor.com/download/Physics/GCSE/Past-Papers/CIE/Paper-5/International/MS/June%202022%20(v1)%20MS.pdf,Cambridge IGCSE Cambridge IGCSE Physics (0625) 0625/51 2022 May/June mark scheme,normalized
cambridge-international,igcse,physics,0625,2022-06,0625/53,3,qp,https://www.physicsandmathstutor.com/past-papers/gcse-physics/,https://pmt.physicsandmathstutor.com/download/Physics/GCSE/Past-Papers/CIE/Paper-5/International/QP/June%202022%20(v3)%20QP.pdf,Cambridge IGCSE Cambridge IGCSE Physics (0625) 0625/53 2022 May/June question paper,normalized
cambridge-international,igcse,physics,0625,2022-06,0625/53,3,ms,https://www.physicsandmathstutor.com/past-papers/gcse-physics/,https://pmt.physicsandmathstutor.com/download/Physics/GCSE/Past-Papers/CIE/Paper-5/International/MS/June%202022%20(v3)%20MS.pdf,Cambridge IGCSE Cambridge IGCSE Physics (0625) 0625/53 2022 May/June mark scheme,normalized
cambridge-international,igcse,physics,0625,2022-06,0625/61,1,qp,https://www.physicsandmathstutor.com/past-papers/gcse-physics/,https://pmt.physicsandmathstutor.com/download/Physics/GCSE/Past-Papers/CIE/Paper-6/International/QP/June%202022%20(v1)%20QP.pdf,Cambridge IGCSE Cambridge IGCSE Physics (0625) 0625/61 2022 May/June question paper,normalized
cambridge-international,igcse,physics,0625,2022-06,0625/61,1,ms,https://www.physicsandmathstutor.com/past-papers/gcse-physics/,https://pmt.physicsandmathstutor.com/download/Physics/GCSE/Past-Papers/CIE/Paper-6/International/MS/June%202022%20(v1)%20MS.pdf,Cambridge IGCSE Cambridge IGCSE Physics (0625) 0625/61 2022 May/June mark scheme,normalized
cambridge-international,igcse,physics,0625,2022-06,0625/63,3,qp,https://www.physicsandmathstutor.com/past-papers/gcse-physics/,https://pmt.physicsandmathstutor.com/download/Physics/GCSE/Past-Papers/CIE/Paper-6/International/QP/June%202022%20(v3)%20QP.pdf,Cambridge IGCSE Cambridge IGCSE Physics (0625) 0625/63 2022 May/June question paper,normalized
cambridge-international,igcse,physics,0625,2022-06,0625/63,3,ms,https://www.physicsandmathstutor.com/past-papers/gcse-physics/,https://pmt.physicsandmathstutor.com/download/Physics/GCSE/Past-Papers/CIE/Paper-6/International/MS/June%202022%20(v3)%20MS.pdf,Cambridge IGCSE Cambridge IGCSE Physics (0625) 0625/63 2022 May/June mark scheme,normalized
cambridge-international,igcse,physics,0625,2022-11,0625/11,1,qp,https://www.physicsandmathstutor.com/past-papers/gcse-physics/,https://pmt.physicsandmathstutor.com/download/Physics/GCSE/Past-Papers/CIE/Paper-1/International/QP/November%202022%20(v1)%20QP.pdf,Cambridge IGCSE Cambridge IGCSE Physics (0625) 0625/11 2022 October/November question paper,normalized
cambridge-international,igcse,physics,0625,2022-11,0625/11,1,ms,https://www.physicsandmathstutor.com/past-papers/gcse-physics/,https://pmt.physicsandmathstutor.com/download/Physics/GCSE/Past-Papers/CIE/Paper-1/International/MS/November%202022%20(v1)%20MS.pdf,Cambridge IGCSE Cambridge IGCSE Physics (0625) 0625/11 2022 October/November mark scheme,normalized
cambridge-international,igcse,physics,0625,2022-11,0625/51,1,qp,https://www.physicsandmathstutor.com/past-papers/gcse-physics/,https://pmt.physicsandmathstutor.com/download/Physics/GCSE/Past-Papers/CIE/Paper-5/International/QP/November%202022%20(v1)%20QP.pdf,Cambridge IGCSE Cambridge IGCSE Physics (0625) 0625/51 2022 October/November question paper,normalized
cambridge-international,igcse,physics,0625,2022-11,0625/51,1,ms,https://www.physicsandmathstutor.com/past-papers/gcse-physics/,https://pmt.physicsandmathstutor.com/download/Physics/GCSE/Past-Papers/CIE/Paper-5/International/MS/November%202022%20(v1)%20MS.pdf,Cambridge IGCSE Cambridge IGCSE Physics (0625) 0625/51 2022 October/November mark scheme,normalized
cambridge-international,igcse,physics,0625,2022-11,0625/53,3,qp,https://www.physicsandmathstutor.com/past-papers/gcse-physics/,https://pmt.physicsandmathstutor.com/download/Physics/GCSE/Past-Papers/CIE/Paper-5/International/QP/November%202022%20(v3)%20QP.pdf,Cambridge IGCSE Cambridge IGCSE Physics (0625) 0625/53 2022 October/November question paper,normalized
cambridge-international,igcse,physics,0625,2022-11,0625/53,3,ms,https://www.physicsandmathstutor.com/past-papers/gcse-physics/,https://pmt.physicsandmathstutor.com/download/Physics/GCSE/Past-Papers/CIE/Paper-5/International/MS/November%202022%20(v3)%20MS.pdf,Cambridge IGCSE Cambridge IGCSE Physics (0625) 0625/53 2022 October/November mark scheme,normalized
cambridge-international,igcse,physics,0625,2022-11,0625/61,1,qp,https://www.physicsandmathstutor.com/past-papers/gcse-physics/,https://pmt.physicsandmathstutor.com/download/Physics/GCSE/Past-Papers/CIE/Paper-6/International/QP/November%202022%20(v1)%20QP.pdf,Cambridge IGCSE Cambridge IGCSE Physics (0625) 0625/61 2022 October/November question paper,normalized
cambridge-international,igcse,physics,0625,2022-11,0625/61,1,ms,https://www.physicsandmathstutor.com/past-papers/gcse-physics/,https://pmt.physicsandmathstutor.com/download/Physics/GCSE/Past-Papers/CIE/Paper-6/International/MS/November%202022%20(v1)%20MS.pdf,Cambridge IGCSE Cambridge IGCSE Physics (0625) 0625/61 2022 October/November mark scheme,normalized
cambridge-international,igcse,physics,0625,2022-11,0625/63,3,qp,https://www.physicsandmathstutor.com/past-papers/gcse-physics/,https://pmt.physicsandmathstutor.com/download/Physics/GCSE/Past-Papers/CIE/Paper-6/International/QP/November%202022%20(v3)%20QP.pdf,Cambridge IGCSE Cambridge IGCSE Physics (0625) 0625/63 2022 October/November question paper,normalized
cambridge-international,igcse,physics,0625,2022-11,0625/63,3,ms,https://www.physicsandmathstutor.com/past-papers/gcse-physics/,https://pmt.physicsandmathstutor.com/download/Physics/GCSE/Past-Papers/CIE/Paper-6/International/MS/November%202022%20(v3)%20MS.pdf,Cambridge IGCSE Cambridge IGCSE Physics (0625) 0625/63 2022 October/November mark scheme,normalized
cambridge-international,igcse,physics,0625,2023-06,0625/11,1,qp,https://www.physicsandmathstutor.com/past-papers/gcse-physics/,https://pmt.physicsandmathstutor.com/download/Physics/GCSE/Past-Papers/CIE/Paper-1/International/QP/June%202023%20(v1)%20QP.pdf,Cambridge IGCSE Cambridge IGCSE Physics (0625) 0625/11 2023 May/June question paper,normalized
cambridge-international,igcse,physics,0625,2023-06,0625/11,1,ms,https://www.physicsandmathstutor.com/past-papers/gcse-physics/,https://pmt.physicsandmathstutor.com/download/Physics/GCSE/Past-Papers/CIE/Paper-1/International/MS/June%202023%20(v1)%20MS.pdf,Cambridge IGCSE Cambridge IGCSE Physics (0625) 0625/11 2023 May/June mark scheme,normalized
cambridge-international,igcse,physics,0625,2023-06,0625/51,1,qp,https://www.physicsandmathstutor.com/past-papers/gcse-physics/,https://pmt.physicsandmathstutor.com/download/Physics/GCSE/Past-Papers/CIE/Paper-5/International/QP/June%202023%20(v1)%20QP.pdf,Cambridge IGCSE Cambridge IGCSE Physics (0625) 0625/51 2023 May/June question paper,normalized
cambridge-international,igcse,physics,0625,2023-06,0625/51,1,ms,https://www.physicsandmathstutor.com/past-papers/gcse-physics/,https://pmt.physicsandmathstutor.com/download/Physics/GCSE/Past-Papers/CIE/Paper-5/International/MS/June%202023%20(v1)%20MS.pdf,Cambridge IGCSE Cambridge IGCSE Physics (0625) 0625/51 2023 May/June mark scheme,normalized
cambridge-international,igcse,physics,0625,2023-06,0625/53,3,qp,https://www.physicsandmathstutor.com/past-papers/gcse-physics/,https://pmt.physicsandmathstutor.com/download/Physics/GCSE/Past-Papers/CIE/Paper-5/International/QP/June%202023%20(v3)%20QP.pdf,Cambridge IGCSE Cambridge IGCSE Physics (0625) 0625/53 2023 May/June question paper,normalized
cambridge-international,igcse,physics,0625,2023-06,0625/53,3,ms,https://www.physicsandmathstutor.com/past-papers/gcse-physics/,https://pmt.physicsandmathstutor.com/download/Physics/GCSE/Past-Papers/CIE/Paper-5/International/MS/June%202023%20(v3)%20MS.pdf,Cambridge IGCSE Cambridge IGCSE Physics (0625) 0625/53 2023 May/June mark scheme,normalized
cambridge-international,igcse,physics,0625,2023-06,0625/61,1,qp,https://www.physicsandmathstutor.com/past-papers/gcse-physics/,https://pmt.physicsandmathstutor.com/download/Physics/GCSE/Past-Papers/CIE/Paper-6/International/QP/June%202023%20(v1)%20QP.pdf,Cambridge IGCSE Cambridge IGCSE Physics (0625) 0625/61 2023 May/June question paper,normalized
cambridge-international,igcse,physics,0625,2023-06,0625/61,1,ms,https://www.physicsandmathstutor.com/past-papers/gcse-physics/,https://pmt.physicsandmathstutor.com/download/Physics/GCSE/Past-Papers/CIE/Paper-6/International/MS/June%202023%20(v1)%20MS.pdf,Cambridge IGCSE Cambridge IGCSE Physics (0625) 0625/61 2023 May/June mark scheme,normalized
cambridge-international,igcse,physics,0625,2023-06,0625/63,3,qp,https://www.physicsandmathstutor.com/past-papers/gcse-physics/,https://pmt.physicsandmathstutor.com/download/Physics/GCSE/Past-Papers/CIE/Paper-6/International/QP/June%202023%20(v3)%20QP.pdf,Cambridge IGCSE Cambridge IGCSE Physics (0625) 0625/63 2023 May/June question paper,normalized
cambridge-international,igcse,physics,0625,2023-06,0625/63,3,ms,https://www.physicsandmathstutor.com/past-papers/gcse-physics/,https://pmt.physicsandmathstutor.com/download/Physics/GCSE/Past-Papers/CIE/Paper-6/International/MS/June%202023%20(v3)%20MS.pdf,Cambridge IGCSE Cambridge IGCSE Physics (0625) 0625/63 2023 May/June mark scheme,normalized
cambridge-international,igcse,physics,0625,2023-11,0625/11,1,qp,https://www.physicsandmathstutor.com/past-papers/gcse-physics/,https://pmt.physicsandmathstutor.com/download/Physics/GCSE/Past-Papers/CIE/Paper-1/International/QP/November%202023%20(v1)%20QP.pdf,Cambridge IGCSE Cambridge IGCSE Physics (0625) 0625/11 2023 October/November question paper,normalized
cambridge-international,igcse,physics,0625,2023-11,0625/11,1,ms,https://www.physicsandmathstutor.com/past-papers/gcse-physics/,https://pmt.physicsandmathstutor.com/download/Physics/GCSE/Past-Papers/CIE/Paper-1/International/MS/November%202023%20(v1)%20MS.pdf,Cambridge IGCSE Cambridge IGCSE Physics (0625) 0625/11 2023 October/November mark scheme,normalized
cambridge-international,igcse,physics,0625,2023-11,0625/51,1,qp,https://www.physicsandmathstutor.com/past-papers/gcse-physics/,https://pmt.physicsandmathstutor.com/download/Physics/GCSE/Past-Papers/CIE/Paper-5/International/QP/November%202023%20(v1)%20QP.pdf,Cambridge IGCSE Cambridge IGCSE Physics (0625) 0625/51 2023 October/November question paper,normalized
cambridge-international,igcse,physics,0625,2023-11,0625/51,1,ms,https://www.physicsandmathstutor.com/past-papers/gcse-physics/,https://pmt.physicsandmathstutor.com/download/Physics/GCSE/Past-Papers/CIE/Paper-5/International/MS/November%202023%20(v1)%20MS.pdf,Cambridge IGCSE Cambridge IGCSE Physics (0625) 0625/51 2023 October/November mark scheme,normalized
cambridge-international,igcse,physics,0625,2023-11,0625/53,3,qp,https://www.physicsandmathstutor.com/past-papers/gcse-physics/,https://pmt.physicsandmathstutor.com/download/Physics/GCSE/Past-Papers/CIE/Paper-5/International/QP/November%202023%20(v3)%20QP.pdf,Cambridge IGCSE Cambridge IGCSE Physics (0625) 0625/53 2023 October/November question paper,normalized
cambridge-international,igcse,physics,0625,2023-11,0625/53,3,ms,https://www.physicsandmathstutor.com/past-papers/gcse-physics/,https://pmt.physicsandmathstutor.com/download/Physics/GCSE/Past-Papers/CIE/Paper-5/International/MS/November%202023%20(v3)%20MS.pdf,Cambridge IGCSE Cambridge IGCSE Physics (0625) 0625/53 2023 October/November mark scheme,normalized
cambridge-international,igcse,physics,0625,2023-11,0625/61,1,qp,https://www.physicsandmathstutor.com/past-papers/gcse-physics/,https://pmt.physicsandmathstutor.com/download/Physics/GCSE/Past-Papers/CIE/Paper-6/International/QP/November%202023%20(v1)%20QP.pdf,Cambridge IGCSE Cambridge IGCSE Physics (0625) 0625/61 2023 October/November question paper,normalized
cambridge-international,igcse,physics,0625,2023-11,0625/61,1,ms,https://www.physicsandmathstutor.com/past-papers/gcse-physics/,https://pmt.physicsandmathstutor.com/download/Physics/GCSE/Past-Papers/CIE/Paper-6/International/MS/November%202023%20(v1)%20MS.pdf,Cambridge IGCSE Cambridge IGCSE Physics (0625) 0625/61 2023 October/November mark scheme,normalized
cambridge-international,igcse,physics,0625,2023-11,0625/63,3,qp,https://www.physicsandmathstutor.com/past-papers/gcse-physics/,https://pmt.physicsandmathstutor.com/download/Physics/GCSE/Past-Papers/CIE/Paper-6/International/QP/November%202023%20(v3)%20QP.pdf,Cambridge IGCSE Cambridge IGCSE Physics (0625) 0625/63 2023 October/November question paper,normalized
cambridge-international,igcse,physics,0625,2023-11,0625/63,3,ms,https://www.physicsandmathstutor.com/past-papers/gcse-physics/,https://pmt.physicsandmathstutor.com/download/Physics/GCSE/Past-Papers/CIE/Paper-6/International/MS/November%202023%20(v3)%20MS.pdf,Cambridge IGCSE Cambridge IGCSE Physics (0625) 0625/63 2023 October/November mark scheme,normalized
cambridge-international,igcse,physics,0625,2024-06,0625/11,1,qp,https://www.physicsandmathstutor.com/past-papers/gcse-physics/,https://pmt.physicsandmathstutor.com/download/Physics/GCSE/Past-Papers/CIE/Paper-1/International/QP/June%202024%20(v1)%20QP.pdf,Cambridge IGCSE Cambridge IGCSE Physics (0625) 0625/11 2024 May/June question paper,normalized
cambridge-international,igcse,physics,0625,2024-06,0625/11,1,ms,https://www.physicsandmathstutor.com/past-papers/gcse-physics/,https://pmt.physicsandmathstutor.com/download/Physics/GCSE/Past-Papers/CIE/Paper-1/International/MS/June%202024%20(v1)%20MS.pdf,Cambridge IGCSE Cambridge IGCSE Physics (0625) 0625/11 2024 May/June mark scheme,normalized
cambridge-international,igcse,physics,0625,2024-06,0625/51,1,qp,https://www.physicsandmathstutor.com/past-papers/gcse-physics/,https://pmt.physicsandmathstutor.com/download/Physics/GCSE/Past-Papers/CIE/Paper-5/International/QP/June%202024%20(v1)%20QP.pdf,Cambridge IGCSE Cambridge IGCSE Physics (0625) 0625/51 2024 May/June question paper,normalized
cambridge-international,igcse,physics,0625,2024-06,0625/51,1,ms,https://www.physicsandmathstutor.com/past-papers/gcse-physics/,https://pmt.physicsandmathstutor.com/download/Physics/GCSE/Past-Papers/CIE/Paper-5/International/MS/June%202024%20(v1)%20MS.pdf,Cambridge IGCSE Cambridge IGCSE Physics (0625) 0625/51 2024 May/June mark scheme,normalized
cambridge-international,igcse,physics,0625,2024-06,0625/53,3,qp,https://www.physicsandmathstutor.com/past-papers/gcse-physics/,https://pmt.physicsandmathstutor.com/download/Physics/GCSE/Past-Papers/CIE/Paper-5/International/QP/June%202024%20(v3)%20QP.pdf,Cambridge IGCSE Cambridge IGCSE Physics (0625) 0625/53 2024 May/June question paper,normalized
cambridge-international,igcse,physics,0625,2024-06,0625/53,3,ms,https://www.physicsandmathstutor.com/past-papers/gcse-physics/,https://pmt.physicsandmathstutor.com/download/Physics/GCSE/Past-Papers/CIE/Paper-5/International/MS/June%202024%20(v3)%20MS.pdf,Cambridge IGCSE Cambridge IGCSE Physics (0625) 0625/53 2024 May/June mark scheme,normalized
cambridge-international,igcse,physics,0625,2024-06,0625/61,1,qp,https://www.physicsandmathstutor.com/past-papers/gcse-physics/,https://pmt.physicsandmathstutor.com/download/Physics/GCSE/Past-Papers/CIE/Paper-6/International/QP/June%202024%20(v1)%20QP.pdf,Cambridge IGCSE Cambridge IGCSE Physics (0625) 0625/61 2024 May/June question paper,normalized
cambridge-international,igcse,physics,0625,2024-06,0625/61,1,ms,https://www.physicsandmathstutor.com/past-papers/gcse-physics/,https://pmt.physicsandmathstutor.com/download/Physics/GCSE/Past-Papers/CIE/Paper-6/International/MS/June%202024%20(v1)%20MS.pdf,Cambridge IGCSE Cambridge IGCSE Physics (0625) 0625/61 2024 May/June mark scheme,normalized
cambridge-international,igcse,physics,0625,2024-06,0625/63,3,qp,https://www.physicsandmathstutor.com/past-papers/gcse-physics/,https://pmt.physicsandmathstutor.com/download/Physics/GCSE/Past-Papers/CIE/Paper-6/International/QP/June%202024%20(v3)%20QP.pdf,Cambridge IGCSE Cambridge IGCSE Physics (0625) 0625/63 2024 May/June question paper,normalized
cambridge-international,igcse,physics,0625,2024-06,0625/63,3,ms,https://www.physicsandmathstutor.com/past-papers/gcse-physics/,https://pmt.physicsandmathstutor.com/download/Physics/GCSE/Past-Papers/CIE/Paper-6/International/MS/June%202024%20(v3)%20MS.pdf,Cambridge IGCSE Cambridge IGCSE Physics (0625) 0625/63 2024 May/June mark scheme,normalized
cambridge-international,igcse,physics,0625,2024-11,0625/11,1,qp,https://www.physicsandmathstutor.com/past-papers/gcse-physics/,https://pmt.physicsandmathstutor.com/download/Physics/GCSE/Past-Papers/CIE/Paper-1/International/QP/November%202024%20(v1)%20QP.pdf,Cambridge IGCSE Cambridge IGCSE Physics (0625) 0625/11 2024 October/November question paper,normalized
cambridge-international,igcse,physics,0625,2024-11,0625/11,1,ms,https://www.physicsandmathstutor.com/past-papers/gcse-physics/,https://pmt.physicsandmathstutor.com/download/Physics/GCSE/Past-Papers/CIE/Paper-1/International/MS/November%202024%20(v1)%20MS.pdf,Cambridge IGCSE Cambridge IGCSE Physics (0625) 0625/11 2024 October/November mark scheme,normalized
cambridge-international,igcse,physics,0625,2024-11,0625/51,1,qp,https://www.physicsandmathstutor.com/past-papers/gcse-physics/,https://pmt.physicsandmathstutor.com/download/Physics/GCSE/Past-Papers/CIE/Paper-5/International/QP/November%202024%20(v1)%20QP.pdf,Cambridge IGCSE Cambridge IGCSE Physics (0625) 0625/51 2024 October/November question paper,normalized
cambridge-international,igcse,physics,0625,2024-11,0625/51,1,ms,https://www.physicsandmathstutor.com/past-papers/gcse-physics/,https://pmt.physicsandmathstutor.com/download/Physics/GCSE/Past-Papers/CIE/Paper-5/International/MS/November%202024%20(v1)%20MS.pdf,Cambridge IGCSE Cambridge IGCSE Physics (0625) 0625/51 2024 October/November mark scheme,normalized
cambridge-international,igcse,physics,0625,2024-11,0625/53,3,qp,https://www.physicsandmathstutor.com/past-papers/gcse-physics/,https://pmt.physicsandmathstutor.com/download/Physics/GCSE/Past-Papers/CIE/Paper-5/International/QP/November%202024%20(v3)%20QP.pdf,Cambridge IGCSE Cambridge IGCSE Physics (0625) 0625/53 2024 October/November question paper,normalized
cambridge-international,igcse,physics,0625,2024-11,0625/53,3,ms,https://www.physicsandmathstutor.com/past-papers/gcse-physics/,https://pmt.physicsandmathstutor.com/download/Physics/GCSE/Past-Papers/CIE/Paper-5/International/MS/November%202024%20(v3)%20MS.pdf,Cambridge IGCSE Cambridge IGCSE Physics (0625) 0625/53 2024 October/November mark scheme,normalized
cambridge-international,igcse,physics,0625,2024-11,0625/61,1,qp,https://www.physicsandmathstutor.com/past-papers/gcse-physics/,https://pmt.physicsandmathstutor.com/download/Physics/GCSE/Past-Papers/CIE/Paper-6/International/QP/November%202024%20(v1)%20QP.pdf,Cambridge IGCSE Cambridge IGCSE Physics (0625) 0625/61 2024 October/November question paper,normalized
cambridge-international,igcse,physics,0625,2024-11,0625/61,1,ms,https://www.physicsandmathstutor.com/past-papers/gcse-physics/,https://pmt.physicsandmathstutor.com/download/Physics/GCSE/Past-Papers/CIE/Paper-6/International/MS/November%202024%20(v1)%20MS.pdf,Cambridge IGCSE Cambridge IGCSE Physics (0625) 0625/61 2024 October/November mark scheme,normalized
cambridge-international,igcse,physics,0625,2024-11,0625/63,3,qp,https://www.physicsandmathstutor.com/past-papers/gcse-physics/,https://pmt.physicsandmathstutor.com/download/Physics/GCSE/Past-Papers/CIE/Paper-6/International/QP/November%202024%20(v3)%20QP.pdf,Cambridge IGCSE Cambridge IGCSE Physics (0625) 0625/63 2024 October/November question paper,normalized
cambridge-international,igcse,physics,0625,2024-11,0625/63,3,ms,https://www.physicsandmathstutor.com/past-papers/gcse-physics/,https://pmt.physicsandmathstutor.com/download/Physics/GCSE/Past-Papers/CIE/Paper-6/International/MS/November%202024%20(v3)%20MS.pdf,Cambridge IGCSE Cambridge IGCSE Physics (0625) 0625/63 2024 October/November mark scheme,normalized
cambridge-international,igcse,physics,0625,2025-03,0625/12,2,qp,https://www.physicsandmathstutor.com/past-papers/gcse-physics/,https://pmt.physicsandmathstutor.com/download/Physics/GCSE/Past-Papers/CIE/Paper-1/International/QP/March%202025%20(v2)%20QP.pdf,Cambridge IGCSE Cambridge IGCSE Physics (0625) 0625/12 2025 February/March question paper,normalized
cambridge-international,igcse,physics,0625,2025-03,0625/12,2,ms,https://www.physicsandmathstutor.com/past-papers/gcse-physics/,https://pmt.physicsandmathstutor.com/download/Physics/GCSE/Past-Papers/CIE/Paper-1/International/MS/March%202025%20(v2)%20MS.pdf,Cambridge IGCSE Cambridge IGCSE Physics (0625) 0625/12 2025 February/March mark scheme,normalized
cambridge-international,igcse,physics,0625,2025-03,0625/22,2,qp,https://www.physicsandmathstutor.com/past-papers/gcse-physics/,https://pmt.physicsandmathstutor.com/download/Physics/GCSE/Past-Papers/CIE/Paper-2/International/QP/March%202025%20(v2)%20QP.pdf,Cambridge IGCSE Cambridge IGCSE Physics (0625) 0625/22 2025 February/March question paper,normalized
cambridge-international,igcse,physics,0625,2025-03,0625/22,2,ms,https://www.physicsandmathstutor.com/past-papers/gcse-physics/,https://pmt.physicsandmathstutor.com/download/Physics/GCSE/Past-Papers/CIE/Paper-2/International/MS/March%202025%20(v2)%20MS.pdf,Cambridge IGCSE Cambridge IGCSE Physics (0625) 0625/22 2025 February/March mark scheme,normalized
cambridge-international,igcse,physics,0625,2025-03,0625/32,2,qp,https://www.physicsandmathstutor.com/past-papers/gcse-physics/,https://pmt.physicsandmathstutor.com/download/Physics/GCSE/Past-Papers/CIE/Paper-3/International/QP/March%202025%20(v2)%20QP.pdf,Cambridge IGCSE Cambridge IGCSE Physics (0625) 0625/32 2025 February/March question paper,normalized
cambridge-international,igcse,physics,0625,2025-03,0625/32,2,ms,https://www.physicsandmathstutor.com/past-papers/gcse-physics/,https://pmt.physicsandmathstutor.com/download/Physics/GCSE/Past-Papers/CIE/Paper-3/International/MS/March%202025%20(v2)%20MS.pdf,Cambridge IGCSE Cambridge IGCSE Physics (0625) 0625/32 2025 February/March mark scheme,normalized
cambridge-international,igcse,physics,0625,2025-03,0625/42,2,qp,https://www.physicsandmathstutor.com/past-papers/gcse-physics/,https://pmt.physicsandmathstutor.com/download/Physics/GCSE/Past-Papers/CIE/Paper-4/International/QP/March%202025%20(v2)%20QP.pdf,Cambridge IGCSE Cambridge IGCSE Physics (0625) 0625/42 2025 February/March question paper,normalized
cambridge-international,igcse,physics,0625,2025-03,0625/42,2,ms,https://www.physicsandmathstutor.com/past-papers/gcse-physics/,https://pmt.physicsandmathstutor.com/download/Physics/GCSE/Past-Papers/CIE/Paper-4/International/MS/March%202025%20(v2)%20MS.pdf,Cambridge IGCSE Cambridge IGCSE Physics (0625) 0625/42 2025 February/March mark scheme,normalized
cambridge-international,igcse,physics,0625,2025-03,0625/52,2,qp,https://www.physicsandmathstutor.com/past-papers/gcse-physics/,https://pmt.physicsandmathstutor.com/download/Physics/GCSE/Past-Papers/CIE/Paper-5/International/QP/March%202025%20(v2)%20QP.pdf,Cambridge IGCSE Cambridge IGCSE Physics (0625) 0625/52 2025 February/March question paper,normalized
cambridge-international,igcse,physics,0625,2025-03,0625/52,2,ms,https://www.physicsandmathstutor.com/past-papers/gcse-physics/,https://pmt.physicsandmathstutor.com/download/Physics/GCSE/Past-Papers/CIE/Paper-5/International/MS/March%202025%20(v2)%20MS.pdf,Cambridge IGCSE Cambridge IGCSE Physics (0625) 0625/52 2025 February/March mark scheme,normalized
cambridge-international,igcse,physics,0625,2025-03,0625/62,2,qp,https://www.physicsandmathstutor.com/past-papers/gcse-physics/,https://pmt.physicsandmathstutor.com/download/Physics/GCSE/Past-Papers/CIE/Paper-6/International/QP/March%202025%20(v2)%20QP.pdf,Cambridge IGCSE Cambridge IGCSE Physics (0625) 0625/62 2025 February/March question paper,normalized
cambridge-international,igcse,physics,0625,2025-03,0625/62,2,ms,https://www.physicsandmathstutor.com/past-papers/gcse-physics/,https://pmt.physicsandmathstutor.com/download/Physics/GCSE/Past-Papers/CIE/Paper-6/International/MS/March%202025%20(v2)%20MS.pdf,Cambridge IGCSE Cambridge IGCSE Physics (0625) 0625/62 2025 February/March mark scheme,normalized
cambridge-international,igcse,physics,0625,2025-06,0625/11,1,qp,https://www.physicsandmathstutor.com/past-papers/gcse-physics/,https://pmt.physicsandmathstutor.com/download/Physics/GCSE/Past-Papers/CIE/Paper-1/International/QP/June%202025%20(v1)%20QP.pdf,Cambridge IGCSE Cambridge IGCSE Physics (0625) 0625/11 2025 May/June question paper,normalized
cambridge-international,igcse,physics,0625,2025-06,0625/11,1,ms,https://www.physicsandmathstutor.com/past-papers/gcse-physics/,https://pmt.physicsandmathstutor.com/download/Physics/GCSE/Past-Papers/CIE/Paper-1/International/MS/June%202025%20(v1)%20MS.pdf,Cambridge IGCSE Cambridge IGCSE Physics (0625) 0625/11 2025 May/June mark scheme,normalized
cambridge-international,igcse,physics,0625,2025-06,0625/12,2,qp,https://www.physicsandmathstutor.com/past-papers/gcse-physics/,https://pmt.physicsandmathstutor.com/download/Physics/GCSE/Past-Papers/CIE/Paper-1/International/QP/June%202025%20(v2)%20QP.pdf,Cambridge IGCSE Cambridge IGCSE Physics (0625) 0625/12 2025 May/June question paper,normalized
cambridge-international,igcse,physics,0625,2025-06,0625/12,2,ms,https://www.physicsandmathstutor.com/past-papers/gcse-physics/,https://pmt.physicsandmathstutor.com/download/Physics/GCSE/Past-Papers/CIE/Paper-1/International/MS/June%202025%20(v2)%20MS.pdf,Cambridge IGCSE Cambridge IGCSE Physics (0625) 0625/12 2025 May/June mark scheme,normalized
cambridge-international,igcse,physics,0625,2025-06,0625/13,3,qp,https://www.physicsandmathstutor.com/past-papers/gcse-physics/,https://pmt.physicsandmathstutor.com/download/Physics/GCSE/Past-Papers/CIE/Paper-1/International/QP/June%202025%20(v3)%20QP.pdf,Cambridge IGCSE Cambridge IGCSE Physics (0625) 0625/13 2025 May/June question paper,normalized
cambridge-international,igcse,physics,0625,2025-06,0625/13,3,ms,https://www.physicsandmathstutor.com/past-papers/gcse-physics/,https://pmt.physicsandmathstutor.com/download/Physics/GCSE/Past-Papers/CIE/Paper-1/International/MS/June%202025%20(v3)%20MS.pdf,Cambridge IGCSE Cambridge IGCSE Physics (0625) 0625/13 2025 May/June mark scheme,normalized
cambridge-international,igcse,physics,0625,2025-06,0625/21,1,qp,https://www.physicsandmathstutor.com/past-papers/gcse-physics/,https://pmt.physicsandmathstutor.com/download/Physics/GCSE/Past-Papers/CIE/Paper-2/International/QP/June%202025%20(v1)%20QP.pdf,Cambridge IGCSE Cambridge IGCSE Physics (0625) 0625/21 2025 May/June question paper,normalized
cambridge-international,igcse,physics,0625,2025-06,0625/21,1,ms,https://www.physicsandmathstutor.com/past-papers/gcse-physics/,https://pmt.physicsandmathstutor.com/download/Physics/GCSE/Past-Papers/CIE/Paper-2/International/MS/June%202025%20(v1)%20MS.pdf,Cambridge IGCSE Cambridge IGCSE Physics (0625) 0625/21 2025 May/June mark scheme,normalized
cambridge-international,igcse,physics,0625,2025-06,0625/22,2,qp,https://www.physicsandmathstutor.com/past-papers/gcse-physics/,https://pmt.physicsandmathstutor.com/download/Physics/GCSE/Past-Papers/CIE/Paper-2/International/QP/June%202025%20(v2)%20QP.pdf,Cambridge IGCSE Cambridge IGCSE Physics (0625) 0625/22 2025 May/June question paper,normalized
cambridge-international,igcse,physics,0625,2025-06,0625/22,2,ms,https://www.physicsandmathstutor.com/past-papers/gcse-physics/,https://pmt.physicsandmathstutor.com/download/Physics/GCSE/Past-Papers/CIE/Paper-2/International/MS/June%202025%20(v2)%20MS.pdf,Cambridge IGCSE Cambridge IGCSE Physics (0625) 0625/22 2025 May/June mark scheme,normalized
cambridge-international,igcse,physics,0625,2025-06,0625/23,3,qp,https://www.physicsandmathstutor.com/past-papers/gcse-physics/,https://pmt.physicsandmathstutor.com/download/Physics/GCSE/Past-Papers/CIE/Paper-2/International/QP/June%202025%20(v3)%20QP.pdf,Cambridge IGCSE Cambridge IGCSE Physics (0625) 0625/23 2025 May/June question paper,normalized
cambridge-international,igcse,physics,0625,2025-06,0625/23,3,ms,https://www.physicsandmathstutor.com/past-papers/gcse-physics/,https://pmt.physicsandmathstutor.com/download/Physics/GCSE/Past-Papers/CIE/Paper-2/International/MS/June%202025%20(v3)%20MS.pdf,Cambridge IGCSE Cambridge IGCSE Physics (0625) 0625/23 2025 May/June mark scheme,normalized
cambridge-international,igcse,physics,0625,2025-06,0625/31,1,qp,https://www.physicsandmathstutor.com/past-papers/gcse-physics/,https://pmt.physicsandmathstutor.com/download/Physics/GCSE/Past-Papers/CIE/Paper-3/International/QP/June%202025%20(v1)%20QP.pdf,Cambridge IGCSE Cambridge IGCSE Physics (0625) 0625/31 2025 May/June question paper,normalized
cambridge-international,igcse,physics,0625,2025-06,0625/31,1,ms,https://www.physicsandmathstutor.com/past-papers/gcse-physics/,https://pmt.physicsandmathstutor.com/download/Physics/GCSE/Past-Papers/CIE/Paper-3/International/MS/June%202025%20(v1)%20MS.pdf,Cambridge IGCSE Cambridge IGCSE Physics (0625) 0625/31 2025 May/June mark scheme,normalized
cambridge-international,igcse,physics,0625,2025-06,0625/32,2,qp,https://www.physicsandmathstutor.com/past-papers/gcse-physics/,https://pmt.physicsandmathstutor.com/download/Physics/GCSE/Past-Papers/CIE/Paper-3/International/QP/June%202025%20(v2)%20QP.pdf,Cambridge IGCSE Cambridge IGCSE Physics (0625) 0625/32 2025 May/June question paper,normalized
cambridge-international,igcse,physics,0625,2025-06,0625/32,2,ms,https://www.physicsandmathstutor.com/past-papers/gcse-physics/,https://pmt.physicsandmathstutor.com/download/Physics/GCSE/Past-Papers/CIE/Paper-3/International/MS/June%202025%20(v2)%20MS.pdf,Cambridge IGCSE Cambridge IGCSE Physics (0625) 0625/32 2025 May/June mark scheme,normalized
cambridge-international,igcse,physics,0625,2025-06,0625/33,3,qp,https://www.physicsandmathstutor.com/past-papers/gcse-physics/,https://pmt.physicsandmathstutor.com/download/Physics/GCSE/Past-Papers/CIE/Paper-3/International/QP/June%202025%20(v3)%20QP.pdf,Cambridge IGCSE Cambridge IGCSE Physics (0625) 0625/33 2025 May/June question paper,normalized
cambridge-international,igcse,physics,0625,2025-06,0625/33,3,ms,https://www.physicsandmathstutor.com/past-papers/gcse-physics/,https://pmt.physicsandmathstutor.com/download/Physics/GCSE/Past-Papers/CIE/Paper-3/International/MS/June%202025%20(v3)%20MS.pdf,Cambridge IGCSE Cambridge IGCSE Physics (0625) 0625/33 2025 May/June mark scheme,normalized
cambridge-international,igcse,physics,0625,2025-06,0625/41,1,qp,https://www.physicsandmathstutor.com/past-papers/gcse-physics/,https://pmt.physicsandmathstutor.com/download/Physics/GCSE/Past-Papers/CIE/Paper-4/International/QP/June%202025%20(v1)%20QP.pdf,Cambridge IGCSE Cambridge IGCSE Physics (0625) 0625/41 2025 May/June question paper,normalized
cambridge-international,igcse,physics,0625,2025-06,0625/41,1,ms,https://www.physicsandmathstutor.com/past-papers/gcse-physics/,https://pmt.physicsandmathstutor.com/download/Physics/GCSE/Past-Papers/CIE/Paper-4/International/MS/June%202025%20(v1)%20MS.pdf,Cambridge IGCSE Cambridge IGCSE Physics (0625) 0625/41 2025 May/June mark scheme,normalized
cambridge-international,igcse,physics,0625,2025-06,0625/42,2,qp,https://www.physicsandmathstutor.com/past-papers/gcse-physics/,https://pmt.physicsandmathstutor.com/download/Physics/GCSE/Past-Papers/CIE/Paper-4/International/QP/June%202025%20(v2)%20QP.pdf,Cambridge IGCSE Cambridge IGCSE Physics (0625) 0625/42 2025 May/June question paper,normalized
cambridge-international,igcse,physics,0625,2025-06,0625/42,2,ms,https://www.physicsandmathstutor.com/past-papers/gcse-physics/,https://pmt.physicsandmathstutor.com/download/Physics/GCSE/Past-Papers/CIE/Paper-4/International/MS/June%202025%20(v2)%20MS.pdf,Cambridge IGCSE Cambridge IGCSE Physics (0625) 0625/42 2025 May/June mark scheme,normalized
cambridge-international,igcse,physics,0625,2025-06,0625/43,3,qp,https://www.physicsandmathstutor.com/past-papers/gcse-physics/,https://pmt.physicsandmathstutor.com/download/Physics/GCSE/Past-Papers/CIE/Paper-4/International/QP/June%202025%20(v3)%20QP.pdf,Cambridge IGCSE Cambridge IGCSE Physics (0625) 0625/43 2025 May/June question paper,normalized
cambridge-international,igcse,physics,0625,2025-06,0625/43,3,ms,https://www.physicsandmathstutor.com/past-papers/gcse-physics/,https://pmt.physicsandmathstutor.com/download/Physics/GCSE/Past-Papers/CIE/Paper-4/International/MS/June%202025%20(v3)%20MS.pdf,Cambridge IGCSE Cambridge IGCSE Physics (0625) 0625/43 2025 May/June mark scheme,normalized
cambridge-international,igcse,physics,0625,2025-06,0625/51,1,qp,https://www.physicsandmathstutor.com/past-papers/gcse-physics/,https://pmt.physicsandmathstutor.com/download/Physics/GCSE/Past-Papers/CIE/Paper-5/International/QP/June%202025%20(v1)%20QP.pdf,Cambridge IGCSE Cambridge IGCSE Physics (0625) 0625/51 2025 May/June question paper,normalized
cambridge-international,igcse,physics,0625,2025-06,0625/51,1,ms,https://www.physicsandmathstutor.com/past-papers/gcse-physics/,https://pmt.physicsandmathstutor.com/download/Physics/GCSE/Past-Papers/CIE/Paper-5/International/MS/June%202025%20(v1)%20MS.pdf,Cambridge IGCSE Cambridge IGCSE Physics (0625) 0625/51 2025 May/June mark scheme,normalized
cambridge-international,igcse,physics,0625,2025-06,0625/52,2,qp,https://www.physicsandmathstutor.com/past-papers/gcse-physics/,https://pmt.physicsandmathstutor.com/download/Physics/GCSE/Past-Papers/CIE/Paper-5/International/QP/June%202025%20(v2)%20QP.pdf,Cambridge IGCSE Cambridge IGCSE Physics (0625) 0625/52 2025 May/June question paper,normalized
cambridge-international,igcse,physics,0625,2025-06,0625/52,2,ms,https://www.physicsandmathstutor.com/past-papers/gcse-physics/,https://pmt.physicsandmathstutor.com/download/Physics/GCSE/Past-Papers/CIE/Paper-5/International/MS/June%202025%20(v2)%20MS.pdf,Cambridge IGCSE Cambridge IGCSE Physics (0625) 0625/52 2025 May/June mark scheme,normalized
cambridge-international,igcse,physics,0625,2025-06,0625/53,3,qp,https://www.physicsandmathstutor.com/past-papers/gcse-physics/,https://pmt.physicsandmathstutor.com/download/Physics/GCSE/Past-Papers/CIE/Paper-5/International/QP/June%202025%20(v3)%20QP.pdf,Cambridge IGCSE Cambridge IGCSE Physics (0625) 0625/53 2025 May/June question paper,normalized
cambridge-international,igcse,physics,0625,2025-06,0625/53,3,ms,https://www.physicsandmathstutor.com/past-papers/gcse-physics/,https://pmt.physicsandmathstutor.com/download/Physics/GCSE/Past-Papers/CIE/Paper-5/International/MS/June%202025%20(v3)%20MS.pdf,Cambridge IGCSE Cambridge IGCSE Physics (0625) 0625/53 2025 May/June mark scheme,normalized
cambridge-international,igcse,physics,0625,2025-06,0625/61,1,qp,https://www.physicsandmathstutor.com/past-papers/gcse-physics/,https://pmt.physicsandmathstutor.com/download/Physics/GCSE/Past-Papers/CIE/Paper-6/International/QP/June%202025%20(v1)%20QP.pdf,Cambridge IGCSE Cambridge IGCSE Physics (0625) 0625/61 2025 May/June question paper,normalized
cambridge-international,igcse,physics,0625,2025-06,0625/61,1,ms,https://www.physicsandmathstutor.com/past-papers/gcse-physics/,https://pmt.physicsandmathstutor.com/download/Physics/GCSE/Past-Papers/CIE/Paper-6/International/MS/June%202025%20(v1)%20MS.pdf,Cambridge IGCSE Cambridge IGCSE Physics (0625) 0625/61 2025 May/June mark scheme,normalized
cambridge-international,igcse,physics,0625,2025-06,0625/62,2,qp,https://www.physicsandmathstutor.com/past-papers/gcse-physics/,https://pmt.physicsandmathstutor.com/download/Physics/GCSE/Past-Papers/CIE/Paper-6/International/QP/June%202025%20(v2)%20QP.pdf,Cambridge IGCSE Cambridge IGCSE Physics (0625) 0625/62 2025 May/June question paper,normalized
cambridge-international,igcse,physics,0625,2025-06,0625/62,2,ms,https://www.physicsandmathstutor.com/past-papers/gcse-physics/,https://pmt.physicsandmathstutor.com/download/Physics/GCSE/Past-Papers/CIE/Paper-6/International/MS/June%202025%20(v2)%20MS.pdf,Cambridge IGCSE Cambridge IGCSE Physics (0625) 0625/62 2025 May/June mark scheme,normalized
cambridge-international,igcse,physics,0625,2025-06,0625/63,3,qp,https://www.physicsandmathstutor.com/past-papers/gcse-physics/,https://pmt.physicsandmathstutor.com/download/Physics/GCSE/Past-Papers/CIE/Paper-6/International/QP/June%202025%20(v3)%20QP.pdf,Cambridge IGCSE Cambridge IGCSE Physics (0625) 0625/63 2025 May/June question paper,normalized
cambridge-international,igcse,physics,0625,2025-06,0625/63,3,ms,https://www.physicsandmathstutor.com/past-papers/gcse-physics/,https://pmt.physicsandmathstutor.com/download/Physics/GCSE/Past-Papers/CIE/Paper-6/International/MS/June%202025%20(v3)%20MS.pdf,Cambridge IGCSE Cambridge IGCSE Physics (0625) 0625/63 2025 May/June mark scheme,normalized
cambridge-international,ial,chemistry,9701,2021-03,9701/12,2,qp,https://www.physicsandmathstutor.com/past-papers/a-level-chemistry/,https://pmt.physicsandmathstutor.com/download/Chemistry/A-level/Past-Papers/CAIE/Paper-1/QP/March%202021%20(v2)%20QP.pdf,Cambridge International AS & A Level Cambridge International AS & A Level Chemistry (9701) 9701/12 2021 February/March question paper,normalized
cambridge-international,ial,chemistry,9701,2021-03,9701/12,2,ms,https://www.physicsandmathstutor.com/past-papers/a-level-chemistry/,https://pmt.physicsandmathstutor.com/download/Chemistry/A-level/Past-Papers/CAIE/Paper-1/MS/March%202021%20(v2)%20MS.pdf,Cambridge International AS & A Level Cambridge International AS & A Level Chemistry (9701) 9701/12 2021 February/March mark scheme,normalized
cambridge-international,ial,chemistry,9701,2021-03,9701/22,2,qp,https://www.physicsandmathstutor.com/past-papers/a-level-chemistry/,https://pmt.physicsandmathstutor.com/download/Chemistry/A-level/Past-Papers/CAIE/Paper-2/QP/March%202021%20(v2)%20QP.pdf,Cambridge International AS & A Level Cambridge International AS & A Level Chemistry (9701) 9701/22 2021 February/March question paper,normalized
cambridge-international,ial,chemistry,9701,2021-03,9701/22,2,ms,https://www.physicsandmathstutor.com/past-papers/a-level-chemistry/,https://pmt.physicsandmathstutor.com/download/Chemistry/A-level/Past-Papers/CAIE/Paper-2/MS/March%202021%20(v2)%20MS.pdf,Cambridge International AS & A Level Cambridge International AS & A Level Chemistry (9701) 9701/22 2021 February/March mark scheme,normalized
cambridge-international,ial,chemistry,9701,2021-03,9701/33,3,qp,https://www.physicsandmathstutor.com/past-papers/a-level-chemistry/,https://pmt.physicsandmathstutor.com/download/Chemistry/A-level/Past-Papers/CAIE/Paper-3/QP/March%202021%20(v3)%20QP.pdf,Cambridge International AS & A Level Cambridge International AS & A Level Chemistry (9701) 9701/33 2021 February/March question paper,normalized
cambridge-international,ial,chemistry,9701,2021-03,9701/33,3,ms,https://www.physicsandmathstutor.com/past-papers/a-level-chemistry/,https://pmt.physicsandmathstutor.com/download/Chemistry/A-level/Past-Papers/CAIE/Paper-3/MS/March%202021%20(v3)%20MS.pdf,Cambridge International AS & A Level Cambridge International AS & A Level Chemistry (9701) 9701/33 2021 February/March mark scheme,normalized
cambridge-international,ial,chemistry,9701,2021-03,9701/42,2,qp,https://www.physicsandmathstutor.com/past-papers/a-level-chemistry/,https://pmt.physicsandmathstutor.com/download/Chemistry/A-level/Past-Papers/CAIE/Paper-4/QP/March%202021%20(v2)%20QP.pdf,Cambridge International AS & A Level Cambridge International AS & A Level Chemistry (9701) 9701/42 2021 February/March question paper,normalized
cambridge-international,ial,chemistry,9701,2021-03,9701/42,2,ms,https://www.physicsandmathstutor.com/past-papers/a-level-chemistry/,https://pmt.physicsandmathstutor.com/download/Chemistry/A-level/Past-Papers/CAIE/Paper-4/MS/March%202021%20(v2)%20MS.pdf,Cambridge International AS & A Level Cambridge International AS & A Level Chemistry (9701) 9701/42 2021 February/March mark scheme,normalized
cambridge-international,ial,chemistry,9701,2021-03,9701/52,2,qp,https://www.physicsandmathstutor.com/past-papers/a-level-chemistry/,https://pmt.physicsandmathstutor.com/download/Chemistry/A-level/Past-Papers/CAIE/Paper-5/QP/March%202021%20(v2)%20QP.pdf,Cambridge International AS & A Level Cambridge International AS & A Level Chemistry (9701) 9701/52 2021 February/March question paper,normalized
cambridge-international,ial,chemistry,9701,2021-03,9701/52,2,ms,https://www.physicsandmathstutor.com/past-papers/a-level-chemistry/,https://pmt.physicsandmathstutor.com/download/Chemistry/A-level/Past-Papers/CAIE/Paper-5/MS/March%202021%20(v2)%20MS.pdf,Cambridge International AS & A Level Cambridge International AS & A Level Chemistry (9701) 9701/52 2021 February/March mark scheme,normalized
cambridge-international,ial,chemistry,9701,2021-06,9701/11,1,qp,https://www.physicsandmathstutor.com/past-papers/a-level-chemistry/,https://pmt.physicsandmathstutor.com/download/Chemistry/A-level/Past-Papers/CAIE/Paper-1/QP/June%202021%20(v1)%20QP.pdf,Cambridge International AS & A Level Cambridge International AS & A Level Chemistry (9701) 9701/11 2021 May/June question paper,normalized
cambridge-international,ial,chemistry,9701,2021-06,9701/11,1,ms,https://www.physicsandmathstutor.com/past-papers/a-level-chemistry/,https://pmt.physicsandmathstutor.com/download/Chemistry/A-level/Past-Papers/CAIE/Paper-1/MS/June%202021%20(v1)%20MS.pdf,Cambridge International AS & A Level Cambridge International AS & A Level Chemistry (9701) 9701/11 2021 May/June mark scheme,normalized
cambridge-international,ial,chemistry,9701,2021-06,9701/34,4,qp,https://www.physicsandmathstutor.com/past-papers/a-level-chemistry/,https://pmt.physicsandmathstutor.com/download/Chemistry/A-level/Past-Papers/CAIE/Paper-3/QP/June%202021%20(v4)%20QP.pdf,Cambridge International AS & A Level Cambridge International AS & A Level Chemistry (9701) 9701/34 2021 May/June question paper,normalized
cambridge-international,ial,chemistry,9701,2021-06,9701/34,4,ms,https://www.physicsandmathstutor.com/past-papers/a-level-chemistry/,https://pmt.physicsandmathstutor.com/download/Chemistry/A-level/Past-Papers/CAIE/Paper-3/MS/June%202021%20(v4)%20MS.pdf,Cambridge International AS & A Level Cambridge International AS & A Level Chemistry (9701) 9701/34 2021 May/June mark scheme,normalized
cambridge-international,ial,chemistry,9701,2021-06,9701/35,5,qp,https://www.physicsandmathstutor.com/past-papers/a-level-chemistry/,https://pmt.physicsandmathstutor.com/download/Chemistry/A-level/Past-Papers/CAIE/Paper-3/QP/June%202021%20(v5)%20QP.pdf,Cambridge International AS & A Level Cambridge International AS & A Level Chemistry (9701) 9701/35 2021 May/June question paper,normalized
cambridge-international,ial,chemistry,9701,2021-06,9701/35,5,ms,https://www.physicsandmathstutor.com/past-papers/a-level-chemistry/,https://pmt.physicsandmathstutor.com/download/Chemistry/A-level/Past-Papers/CAIE/Paper-3/MS/June%202021%20(v5)%20MS.pdf,Cambridge International AS & A Level Cambridge International AS & A Level Chemistry (9701) 9701/35 2021 May/June mark scheme,normalized
cambridge-international,ial,chemistry,9701,2021-06,9701/51,1,qp,https://www.physicsandmathstutor.com/past-papers/a-level-chemistry/,https://pmt.physicsandmathstutor.com/download/Chemistry/A-level/Past-Papers/CAIE/Paper-5/QP/June%202021%20(v1)%20QP.pdf,Cambridge International AS & A Level Cambridge International AS & A Level Chemistry (9701) 9701/51 2021 May/June question paper,normalized
cambridge-international,ial,chemistry,9701,2021-06,9701/51,1,ms,https://www.physicsandmathstutor.com/past-papers/a-level-chemistry/,https://pmt.physicsandmathstutor.com/download/Chemistry/A-level/Past-Papers/CAIE/Paper-5/MS/June%202021%20(v1)%20MS.pdf,Cambridge International AS & A Level Cambridge International AS & A Level Chemistry (9701) 9701/51 2021 May/June mark scheme,normalized
cambridge-international,ial,chemistry,9701,2021-06,9701/53,3,qp,https://www.physicsandmathstutor.com/past-papers/a-level-chemistry/,https://pmt.physicsandmathstutor.com/download/Chemistry/A-level/Past-Papers/CAIE/Paper-5/QP/June%202021%20(v3)%20QP.pdf,Cambridge International AS & A Level Cambridge International AS & A Level Chemistry (9701) 9701/53 2021 May/June question paper,normalized
cambridge-international,ial,chemistry,9701,2021-06,9701/53,3,ms,https://www.physicsandmathstutor.com/past-papers/a-level-chemistry/,https://pmt.physicsandmathstutor.com/download/Chemistry/A-level/Past-Papers/CAIE/Paper-5/MS/June%202021%20(v3)%20MS.pdf,Cambridge International AS & A Level Cambridge International AS & A Level Chemistry (9701) 9701/53 2021 May/June mark scheme,normalized
cambridge-international,ial,chemistry,9701,2021-11,9701/11,1,qp,https://www.physicsandmathstutor.com/past-papers/a-level-chemistry/,https://pmt.physicsandmathstutor.com/download/Chemistry/A-level/Past-Papers/CAIE/Paper-1/QP/November%202021%20(v1)%20QP.pdf,Cambridge International AS & A Level Cambridge International AS & A Level Chemistry (9701) 9701/11 2021 October/November question paper,normalized
cambridge-international,ial,chemistry,9701,2021-11,9701/11,1,ms,https://www.physicsandmathstutor.com/past-papers/a-level-chemistry/,https://pmt.physicsandmathstutor.com/download/Chemistry/A-level/Past-Papers/CAIE/Paper-1/MS/November%202021%20(v1)%20MS.pdf,Cambridge International AS & A Level Cambridge International AS & A Level Chemistry (9701) 9701/11 2021 October/November mark scheme,normalized
cambridge-international,ial,chemistry,9701,2021-11,9701/34,4,qp,https://www.physicsandmathstutor.com/past-papers/a-level-chemistry/,https://pmt.physicsandmathstutor.com/download/Chemistry/A-level/Past-Papers/CAIE/Paper-3/QP/November%202021%20(v4)%20QP.pdf,Cambridge International AS & A Level Cambridge International AS & A Level Chemistry (9701) 9701/34 2021 October/November question paper,normalized
cambridge-international,ial,chemistry,9701,2021-11,9701/34,4,ms,https://www.physicsandmathstutor.com/past-papers/a-level-chemistry/,https://pmt.physicsandmathstutor.com/download/Chemistry/A-level/Past-Papers/CAIE/Paper-3/MS/November%202021%20(v4)%20MS.pdf,Cambridge International AS & A Level Cambridge International AS & A Level Chemistry (9701) 9701/34 2021 October/November mark scheme,normalized
cambridge-international,ial,chemistry,9701,2021-11,9701/35,5,qp,https://www.physicsandmathstutor.com/past-papers/a-level-chemistry/,https://pmt.physicsandmathstutor.com/download/Chemistry/A-level/Past-Papers/CAIE/Paper-3/QP/November%202021%20(v5)%20QP.pdf,Cambridge International AS & A Level Cambridge International AS & A Level Chemistry (9701) 9701/35 2021 October/November question paper,normalized
cambridge-international,ial,chemistry,9701,2021-11,9701/35,5,ms,https://www.physicsandmathstutor.com/past-papers/a-level-chemistry/,https://pmt.physicsandmathstutor.com/download/Chemistry/A-level/Past-Papers/CAIE/Paper-3/MS/November%202021%20(v5)%20MS.pdf,Cambridge International AS & A Level Cambridge International AS & A Level Chemistry (9701) 9701/35 2021 October/November mark scheme,normalized
cambridge-international,ial,chemistry,9701,2021-11,9701/36,6,qp,https://www.physicsandmathstutor.com/past-papers/a-level-chemistry/,https://pmt.physicsandmathstutor.com/download/Chemistry/A-level/Past-Papers/CAIE/Paper-3/QP/November%202021%20(v6)%20QP.pdf,Cambridge International AS & A Level Cambridge International AS & A Level Chemistry (9701) 9701/36 2021 October/November question paper,normalized
cambridge-international,ial,chemistry,9701,2021-11,9701/36,6,ms,https://www.physicsandmathstutor.com/past-papers/a-level-chemistry/,https://pmt.physicsandmathstutor.com/download/Chemistry/A-level/Past-Papers/CAIE/Paper-3/MS/November%202021%20(v6)%20MS.pdf,Cambridge International AS & A Level Cambridge International AS & A Level Chemistry (9701) 9701/36 2021 October/November mark scheme,normalized
cambridge-international,ial,chemistry,9701,2021-11,9701/51,1,qp,https://www.physicsandmathstutor.com/past-papers/a-level-chemistry/,https://pmt.physicsandmathstutor.com/download/Chemistry/A-level/Past-Papers/CAIE/Paper-5/QP/November%202021%20(v1)%20QP.pdf,Cambridge International AS & A Level Cambridge International AS & A Level Chemistry (9701) 9701/51 2021 October/November question paper,normalized
cambridge-international,ial,chemistry,9701,2021-11,9701/51,1,ms,https://www.physicsandmathstutor.com/past-papers/a-level-chemistry/,https://pmt.physicsandmathstutor.com/download/Chemistry/A-level/Past-Papers/CAIE/Paper-5/MS/November%202021%20(v1)%20MS.pdf,Cambridge International AS & A Level Cambridge International AS & A Level Chemistry (9701) 9701/51 2021 October/November mark scheme,normalized
cambridge-international,ial,chemistry,9701,2021-11,9701/53,3,qp,https://www.physicsandmathstutor.com/past-papers/a-level-chemistry/,https://pmt.physicsandmathstutor.com/download/Chemistry/A-level/Past-Papers/CAIE/Paper-5/QP/November%202021%20(v3)%20QP.pdf,Cambridge International AS & A Level Cambridge International AS & A Level Chemistry (9701) 9701/53 2021 October/November question paper,normalized
cambridge-international,ial,chemistry,9701,2021-11,9701/53,3,ms,https://www.physicsandmathstutor.com/past-papers/a-level-chemistry/,https://pmt.physicsandmathstutor.com/download/Chemistry/A-level/Past-Papers/CAIE/Paper-5/MS/November%202021%20(v3)%20MS.pdf,Cambridge International AS & A Level Cambridge International AS & A Level Chemistry (9701) 9701/53 2021 October/November mark scheme,normalized
cambridge-international,ial,chemistry,9701,2022-03,9701/12,2,qp,https://www.physicsandmathstutor.com/past-papers/a-level-chemistry/,https://pmt.physicsandmathstutor.com/download/Chemistry/A-level/Past-Papers/CAIE/Paper-1/QP/March%202022%20(v2)%20QP.pdf,Cambridge International AS & A Level Cambridge International AS & A Level Chemistry (9701) 9701/12 2022 February/March question paper,normalized
cambridge-international,ial,chemistry,9701,2022-03,9701/12,2,ms,https://www.physicsandmathstutor.com/past-papers/a-level-chemistry/,https://pmt.physicsandmathstutor.com/download/Chemistry/A-level/Past-Papers/CAIE/Paper-1/MS/March%202022%20(v2)%20MS.pdf,Cambridge International AS & A Level Cambridge International AS & A Level Chemistry (9701) 9701/12 2022 February/March mark scheme,normalized
cambridge-international,ial,chemistry,9701,2022-03,9701/22,2,qp,https://www.physicsandmathstutor.com/past-papers/a-level-chemistry/,https://pmt.physicsandmathstutor.com/download/Chemistry/A-level/Past-Papers/CAIE/Paper-2/QP/March%202022%20(v2)%20QP.pdf,Cambridge International AS & A Level Cambridge International AS & A Level Chemistry (9701) 9701/22 2022 February/March question paper,normalized
cambridge-international,ial,chemistry,9701,2022-03,9701/22,2,ms,https://www.physicsandmathstutor.com/past-papers/a-level-chemistry/,https://pmt.physicsandmathstutor.com/download/Chemistry/A-level/Past-Papers/CAIE/Paper-2/MS/March%202022%20(v2)%20MS.pdf,Cambridge International AS & A Level Cambridge International AS & A Level Chemistry (9701) 9701/22 2022 February/March mark scheme,normalized
cambridge-international,ial,chemistry,9701,2022-03,9701/33,3,qp,https://www.physicsandmathstutor.com/past-papers/a-level-chemistry/,https://pmt.physicsandmathstutor.com/download/Chemistry/A-level/Past-Papers/CAIE/Paper-3/QP/March%202022%20(v2)%20QP.pdf,Cambridge International AS & A Level Cambridge International AS & A Level Chemistry (9701) 9701/33 2022 February/March question paper,normalized
cambridge-international,ial,chemistry,9701,2022-03,9701/33,3,ms,https://www.physicsandmathstutor.com/past-papers/a-level-chemistry/,https://pmt.physicsandmathstutor.com/download/Chemistry/A-level/Past-Papers/CAIE/Paper-3/MS/March%202022%20(v2)%20MS.pdf,Cambridge International AS & A Level Cambridge International AS & A Level Chemistry (9701) 9701/33 2022 February/March mark scheme,normalized
cambridge-international,ial,chemistry,9701,2022-03,9701/42,2,qp,https://www.physicsandmathstutor.com/past-papers/a-level-chemistry/,https://pmt.physicsandmathstutor.com/download/Chemistry/A-level/Past-Papers/CAIE/Paper-4/QP/March%202022%20(v2)%20QP.pdf,Cambridge International AS & A Level Cambridge International AS & A Level Chemistry (9701) 9701/42 2022 February/March question paper,normalized
cambridge-international,ial,chemistry,9701,2022-03,9701/42,2,ms,https://www.physicsandmathstutor.com/past-papers/a-level-chemistry/,https://pmt.physicsandmathstutor.com/download/Chemistry/A-level/Past-Papers/CAIE/Paper-4/MS/March%202022%20(v2)%20MS.pdf,Cambridge International AS & A Level Cambridge International AS & A Level Chemistry (9701) 9701/42 2022 February/March mark scheme,normalized
cambridge-international,ial,chemistry,9701,2022-03,9701/52,2,qp,https://www.physicsandmathstutor.com/past-papers/a-level-chemistry/,https://pmt.physicsandmathstutor.com/download/Chemistry/A-level/Past-Papers/CAIE/Paper-5/QP/March%202022%20(v2)%20QP.pdf,Cambridge International AS & A Level Cambridge International AS & A Level Chemistry (9701) 9701/52 2022 February/March question paper,normalized
cambridge-international,ial,chemistry,9701,2022-03,9701/52,2,ms,https://www.physicsandmathstutor.com/past-papers/a-level-chemistry/,https://pmt.physicsandmathstutor.com/download/Chemistry/A-level/Past-Papers/CAIE/Paper-5/MS/March%202022%20(v2)%20MS.pdf,Cambridge International AS & A Level Cambridge International AS & A Level Chemistry (9701) 9701/52 2022 February/March mark scheme,normalized
cambridge-international,ial,chemistry,9701,2022-06,9701/11,1,qp,https://www.physicsandmathstutor.com/past-papers/a-level-chemistry/,https://pmt.physicsandmathstutor.com/download/Chemistry/A-level/Past-Papers/CAIE/Paper-1/QP/June%202022%20(v1)%20QP.pdf,Cambridge International AS & A Level Cambridge International AS & A Level Chemistry (9701) 9701/11 2022 May/June question paper,normalized
cambridge-international,ial,chemistry,9701,2022-06,9701/11,1,ms,https://www.physicsandmathstutor.com/past-papers/a-level-chemistry/,https://pmt.physicsandmathstutor.com/download/Chemistry/A-level/Past-Papers/CAIE/Paper-1/MS/June%202022%20(v1)%20MS.pdf,Cambridge International AS & A Level Cambridge International AS & A Level Chemistry (9701) 9701/11 2022 May/June mark scheme,normalized
cambridge-international,ial,chemistry,9701,2022-06,9701/34,4,qp,https://www.physicsandmathstutor.com/past-papers/a-level-chemistry/,https://pmt.physicsandmathstutor.com/download/Chemistry/A-level/Past-Papers/CAIE/Paper-3/QP/June%202022%20(v4)%20QP.pdf,Cambridge International AS & A Level Cambridge International AS & A Level Chemistry (9701) 9701/34 2022 May/June question paper,normalized
cambridge-international,ial,chemistry,9701,2022-06,9701/34,4,ms,https://www.physicsandmathstutor.com/past-papers/a-level-chemistry/,https://pmt.physicsandmathstutor.com/download/Chemistry/A-level/Past-Papers/CAIE/Paper-3/MS/June%202022%20(v4)%20MS.pdf,Cambridge International AS & A Level Cambridge International AS & A Level Chemistry (9701) 9701/34 2022 May/June mark scheme,normalized
cambridge-international,ial,chemistry,9701,2022-06,9701/35,5,qp,https://www.physicsandmathstutor.com/past-papers/a-level-chemistry/,https://pmt.physicsandmathstutor.com/download/Chemistry/A-level/Past-Papers/CAIE/Paper-3/QP/June%202022%20(v5)%20QP.pdf,Cambridge International AS & A Level Cambridge International AS & A Level Chemistry (9701) 9701/35 2022 May/June question paper,normalized
cambridge-international,ial,chemistry,9701,2022-06,9701/35,5,ms,https://www.physicsandmathstutor.com/past-papers/a-level-chemistry/,https://pmt.physicsandmathstutor.com/download/Chemistry/A-level/Past-Papers/CAIE/Paper-3/MS/June%202022%20(v5)%20MS.pdf,Cambridge International AS & A Level Cambridge International AS & A Level Chemistry (9701) 9701/35 2022 May/June mark scheme,normalized
cambridge-international,ial,chemistry,9701,2022-06,9701/51,1,qp,https://www.physicsandmathstutor.com/past-papers/a-level-chemistry/,https://pmt.physicsandmathstutor.com/download/Chemistry/A-level/Past-Papers/CAIE/Paper-5/QP/June%202022%20(v1)%20QP.pdf,Cambridge International AS & A Level Cambridge International AS & A Level Chemistry (9701) 9701/51 2022 May/June question paper,normalized
cambridge-international,ial,chemistry,9701,2022-06,9701/51,1,ms,https://www.physicsandmathstutor.com/past-papers/a-level-chemistry/,https://pmt.physicsandmathstutor.com/download/Chemistry/A-level/Past-Papers/CAIE/Paper-5/MS/June%202022%20(v1)%20MS.pdf,Cambridge International AS & A Level Cambridge International AS & A Level Chemistry (9701) 9701/51 2022 May/June mark scheme,normalized
cambridge-international,ial,chemistry,9701,2022-06,9701/53,3,qp,https://www.physicsandmathstutor.com/past-papers/a-level-chemistry/,https://pmt.physicsandmathstutor.com/download/Chemistry/A-level/Past-Papers/CAIE/Paper-5/QP/June%202022%20(v3)%20QP.pdf,Cambridge International AS & A Level Cambridge International AS & A Level Chemistry (9701) 9701/53 2022 May/June question paper,normalized
cambridge-international,ial,chemistry,9701,2022-06,9701/53,3,ms,https://www.physicsandmathstutor.com/past-papers/a-level-chemistry/,https://pmt.physicsandmathstutor.com/download/Chemistry/A-level/Past-Papers/CAIE/Paper-5/MS/June%202022%20(v3)%20MS.pdf,Cambridge International AS & A Level Cambridge International AS & A Level Chemistry (9701) 9701/53 2022 May/June mark scheme,normalized
cambridge-international,ial,chemistry,9701,2022-11,9701/11,1,qp,https://www.physicsandmathstutor.com/past-papers/a-level-chemistry/,https://pmt.physicsandmathstutor.com/download/Chemistry/A-level/Past-Papers/CAIE/Paper-1/QP/November%202022%20(v1)%20QP.pdf,Cambridge International AS & A Level Cambridge International AS & A Level Chemistry (9701) 9701/11 2022 October/November question paper,normalized
cambridge-international,ial,chemistry,9701,2022-11,9701/11,1,ms,https://www.physicsandmathstutor.com/past-papers/a-level-chemistry/,https://pmt.physicsandmathstutor.com/download/Chemistry/A-level/Past-Papers/CAIE/Paper-1/MS/November%202022%20(v1)%20MS.pdf,Cambridge International AS & A Level Cambridge International AS & A Level Chemistry (9701) 9701/11 2022 October/November mark scheme,normalized
cambridge-international,ial,chemistry,9701,2022-11,9701/34,4,qp,https://www.physicsandmathstutor.com/past-papers/a-level-chemistry/,https://pmt.physicsandmathstutor.com/download/Chemistry/A-level/Past-Papers/CAIE/Paper-3/QP/November%202022%20(v4)%20QP.pdf,Cambridge International AS & A Level Cambridge International AS & A Level Chemistry (9701) 9701/34 2022 October/November question paper,normalized
cambridge-international,ial,chemistry,9701,2022-11,9701/34,4,ms,https://www.physicsandmathstutor.com/past-papers/a-level-chemistry/,https://pmt.physicsandmathstutor.com/download/Chemistry/A-level/Past-Papers/CAIE/Paper-3/MS/November%202022%20(v4)%20MS.pdf,Cambridge International AS & A Level Cambridge International AS & A Level Chemistry (9701) 9701/34 2022 October/November mark scheme,normalized
cambridge-international,ial,chemistry,9701,2022-11,9701/35,5,qp,https://www.physicsandmathstutor.com/past-papers/a-level-chemistry/,https://pmt.physicsandmathstutor.com/download/Chemistry/A-level/Past-Papers/CAIE/Paper-3/QP/November%202022%20(v5)%20QP.pdf,Cambridge International AS & A Level Cambridge International AS & A Level Chemistry (9701) 9701/35 2022 October/November question paper,normalized
cambridge-international,ial,chemistry,9701,2022-11,9701/35,5,ms,https://www.physicsandmathstutor.com/past-papers/a-level-chemistry/,https://pmt.physicsandmathstutor.com/download/Chemistry/A-level/Past-Papers/CAIE/Paper-3/MS/November%202022%20(v5)%20MS.pdf,Cambridge International AS & A Level Cambridge International AS & A Level Chemistry (9701) 9701/35 2022 October/November mark scheme,normalized
cambridge-international,ial,chemistry,9701,2022-11,9701/36,6,qp,https://www.physicsandmathstutor.com/past-papers/a-level-chemistry/,https://pmt.physicsandmathstutor.com/download/Chemistry/A-level/Past-Papers/CAIE/Paper-3/QP/November%202022%20(v6)%20QP.pdf,Cambridge International AS & A Level Cambridge International AS & A Level Chemistry (9701) 9701/36 2022 October/November question paper,normalized
cambridge-international,ial,chemistry,9701,2022-11,9701/36,6,ms,https://www.physicsandmathstutor.com/past-papers/a-level-chemistry/,https://pmt.physicsandmathstutor.com/download/Chemistry/A-level/Past-Papers/CAIE/Paper-3/MS/November%202022%20(v6)%20MS.pdf,Cambridge International AS & A Level Cambridge International AS & A Level Chemistry (9701) 9701/36 2022 October/November mark scheme,normalized
cambridge-international,ial,chemistry,9701,2022-11,9701/51,1,qp,https://www.physicsandmathstutor.com/past-papers/a-level-chemistry/,https://pmt.physicsandmathstutor.com/download/Chemistry/A-level/Past-Papers/CAIE/Paper-5/QP/November%202022%20(v1)%20QP.pdf,Cambridge International AS & A Level Cambridge International AS & A Level Chemistry (9701) 9701/51 2022 October/November question paper,normalized
cambridge-international,ial,chemistry,9701,2022-11,9701/51,1,ms,https://www.physicsandmathstutor.com/past-papers/a-level-chemistry/,https://pmt.physicsandmathstutor.com/download/Chemistry/A-level/Past-Papers/CAIE/Paper-5/MS/November%202022%20(v1)%20MS.pdf,Cambridge International AS & A Level Cambridge International AS & A Level Chemistry (9701) 9701/51 2022 October/November mark scheme,normalized
cambridge-international,ial,chemistry,9701,2022-11,9701/53,3,qp,https://www.physicsandmathstutor.com/past-papers/a-level-chemistry/,https://pmt.physicsandmathstutor.com/download/Chemistry/A-level/Past-Papers/CAIE/Paper-5/QP/November%202022%20(v3)%20QP.pdf,Cambridge International AS & A Level Cambridge International AS & A Level Chemistry (9701) 9701/53 2022 October/November question paper,normalized
cambridge-international,ial,chemistry,9701,2022-11,9701/53,3,ms,https://www.physicsandmathstutor.com/past-papers/a-level-chemistry/,https://pmt.physicsandmathstutor.com/download/Chemistry/A-level/Past-Papers/CAIE/Paper-5/MS/November%202022%20(v3)%20MS.pdf,Cambridge International AS & A Level Cambridge International AS & A Level Chemistry (9701) 9701/53 2022 October/November mark scheme,normalized
cambridge-international,ial,chemistry,9701,2023-03,9701/12,2,qp,https://www.physicsandmathstutor.com/past-papers/a-level-chemistry/,https://pmt.physicsandmathstutor.com/download/Chemistry/A-level/Past-Papers/CAIE/Paper-1/QP/March%202023%20(v2)%20QP.pdf,Cambridge International AS & A Level Cambridge International AS & A Level Chemistry (9701) 9701/12 2023 February/March question paper,normalized
cambridge-international,ial,chemistry,9701,2023-03,9701/12,2,ms,https://www.physicsandmathstutor.com/past-papers/a-level-chemistry/,https://pmt.physicsandmathstutor.com/download/Chemistry/A-level/Past-Papers/CAIE/Paper-1/MS/March%202023%20(v2)%20MS.pdf,Cambridge International AS & A Level Cambridge International AS & A Level Chemistry (9701) 9701/12 2023 February/March mark scheme,normalized
cambridge-international,ial,chemistry,9701,2023-03,9701/22,2,qp,https://www.physicsandmathstutor.com/past-papers/a-level-chemistry/,https://pmt.physicsandmathstutor.com/download/Chemistry/A-level/Past-Papers/CAIE/Paper-2/QP/March%202023%20(v2)%20QP.pdf,Cambridge International AS & A Level Cambridge International AS & A Level Chemistry (9701) 9701/22 2023 February/March question paper,normalized
cambridge-international,ial,chemistry,9701,2023-03,9701/22,2,ms,https://www.physicsandmathstutor.com/past-papers/a-level-chemistry/,https://pmt.physicsandmathstutor.com/download/Chemistry/A-level/Past-Papers/CAIE/Paper-2/MS/March%202023%20(v2)%20MS.pdf,Cambridge International AS & A Level Cambridge International AS & A Level Chemistry (9701) 9701/22 2023 February/March mark scheme,normalized
cambridge-international,ial,chemistry,9701,2023-03,9701/33,3,qp,https://www.physicsandmathstutor.com/past-papers/a-level-chemistry/,https://pmt.physicsandmathstutor.com/download/Chemistry/A-level/Past-Papers/CAIE/Paper-3/QP/March%202023%20(v3)%20QP.pdf,Cambridge International AS & A Level Cambridge International AS & A Level Chemistry (9701) 9701/33 2023 February/March question paper,normalized
cambridge-international,ial,chemistry,9701,2023-03,9701/33,3,ms,https://www.physicsandmathstutor.com/past-papers/a-level-chemistry/,https://pmt.physicsandmathstutor.com/download/Chemistry/A-level/Past-Papers/CAIE/Paper-3/MS/March%202023%20(v3)%20MS.pdf,Cambridge International AS & A Level Cambridge International AS & A Level Chemistry (9701) 9701/33 2023 February/March mark scheme,normalized
cambridge-international,ial,chemistry,9701,2023-03,9701/42,2,qp,https://www.physicsandmathstutor.com/past-papers/a-level-chemistry/,https://pmt.physicsandmathstutor.com/download/Chemistry/A-level/Past-Papers/CAIE/Paper-4/QP/March%202023%20(v2)%20QP.pdf,Cambridge International AS & A Level Cambridge International AS & A Level Chemistry (9701) 9701/42 2023 February/March question paper,normalized
cambridge-international,ial,chemistry,9701,2023-03,9701/42,2,ms,https://www.physicsandmathstutor.com/past-papers/a-level-chemistry/,https://pmt.physicsandmathstutor.com/download/Chemistry/A-level/Past-Papers/CAIE/Paper-4/MS/March%202023%20(v2)%20MS.pdf,Cambridge International AS & A Level Cambridge International AS & A Level Chemistry (9701) 9701/42 2023 February/March mark scheme,normalized
cambridge-international,ial,chemistry,9701,2023-03,9701/52,2,qp,https://www.physicsandmathstutor.com/past-papers/a-level-chemistry/,https://pmt.physicsandmathstutor.com/download/Chemistry/A-level/Past-Papers/CAIE/Paper-5/QP/March%202023%20(v2)%20QP.pdf,Cambridge International AS & A Level Cambridge International AS & A Level Chemistry (9701) 9701/52 2023 February/March question paper,normalized
cambridge-international,ial,chemistry,9701,2023-03,9701/52,2,ms,https://www.physicsandmathstutor.com/past-papers/a-level-chemistry/,https://pmt.physicsandmathstutor.com/download/Chemistry/A-level/Past-Papers/CAIE/Paper-5/MS/March%202023%20(v2)%20MS.pdf,Cambridge International AS & A Level Cambridge International AS & A Level Chemistry (9701) 9701/52 2023 February/March mark scheme,normalized
cambridge-international,ial,chemistry,9701,2023-06,9701/11,1,qp,https://www.physicsandmathstutor.com/past-papers/a-level-chemistry/,https://pmt.physicsandmathstutor.com/download/Chemistry/A-level/Past-Papers/CAIE/Paper-1/QP/June%202023%20(v1)%20QP.pdf,Cambridge International AS & A Level Cambridge International AS & A Level Chemistry (9701) 9701/11 2023 May/June question paper,normalized
cambridge-international,ial,chemistry,9701,2023-06,9701/11,1,ms,https://www.physicsandmathstutor.com/past-papers/a-level-chemistry/,https://pmt.physicsandmathstutor.com/download/Chemistry/A-level/Past-Papers/CAIE/Paper-1/MS/June%202023%20(v1)%20MS.pdf,Cambridge International AS & A Level Cambridge International AS & A Level Chemistry (9701) 9701/11 2023 May/June mark scheme,normalized
cambridge-international,ial,chemistry,9701,2023-06,9701/34,4,qp,https://www.physicsandmathstutor.com/past-papers/a-level-chemistry/,https://pmt.physicsandmathstutor.com/download/Chemistry/A-level/Past-Papers/CAIE/Paper-3/QP/June%202023%20(v4)%20QP.pdf,Cambridge International AS & A Level Cambridge International AS & A Level Chemistry (9701) 9701/34 2023 May/June question paper,normalized
cambridge-international,ial,chemistry,9701,2023-06,9701/34,4,ms,https://www.physicsandmathstutor.com/past-papers/a-level-chemistry/,https://pmt.physicsandmathstutor.com/download/Chemistry/A-level/Past-Papers/CAIE/Paper-3/MS/June%202023%20(v4)%20MS.pdf,Cambridge International AS & A Level Cambridge International AS & A Level Chemistry (9701) 9701/34 2023 May/June mark scheme,normalized
cambridge-international,ial,chemistry,9701,2023-06,9701/35,5,qp,https://www.physicsandmathstutor.com/past-papers/a-level-chemistry/,https://pmt.physicsandmathstutor.com/download/Chemistry/A-level/Past-Papers/CAIE/Paper-3/QP/June%202023%20(v5)%20QP.pdf,Cambridge International AS & A Level Cambridge International AS & A Level Chemistry (9701) 9701/35 2023 May/June question paper,normalized
cambridge-international,ial,chemistry,9701,2023-06,9701/35,5,ms,https://www.physicsandmathstutor.com/past-papers/a-level-chemistry/,https://pmt.physicsandmathstutor.com/download/Chemistry/A-level/Past-Papers/CAIE/Paper-3/MS/June%202023%20(v5)%20MS.pdf,Cambridge International AS & A Level Cambridge International AS & A Level Chemistry (9701) 9701/35 2023 May/June mark scheme,normalized
cambridge-international,ial,chemistry,9701,2023-06,9701/51,1,qp,https://www.physicsandmathstutor.com/past-papers/a-level-chemistry/,https://pmt.physicsandmathstutor.com/download/Chemistry/A-level/Past-Papers/CAIE/Paper-5/QP/June%202023%20(v1)%20QP.pdf,Cambridge International AS & A Level Cambridge International AS & A Level Chemistry (9701) 9701/51 2023 May/June question paper,normalized
cambridge-international,ial,chemistry,9701,2023-06,9701/51,1,ms,https://www.physicsandmathstutor.com/past-papers/a-level-chemistry/,https://pmt.physicsandmathstutor.com/download/Chemistry/A-level/Past-Papers/CAIE/Paper-5/MS/June%202023%20(v1)%20MS.pdf,Cambridge International AS & A Level Cambridge International AS & A Level Chemistry (9701) 9701/51 2023 May/June mark scheme,normalized
cambridge-international,ial,chemistry,9701,2023-06,9701/53,3,qp,https://www.physicsandmathstutor.com/past-papers/a-level-chemistry/,https://pmt.physicsandmathstutor.com/download/Chemistry/A-level/Past-Papers/CAIE/Paper-5/QP/June%202023%20(v3)%20QP.pdf,Cambridge International AS & A Level Cambridge International AS & A Level Chemistry (9701) 9701/53 2023 May/June question paper,normalized
cambridge-international,ial,chemistry,9701,2023-06,9701/53,3,ms,https://www.physicsandmathstutor.com/past-papers/a-level-chemistry/,https://pmt.physicsandmathstutor.com/download/Chemistry/A-level/Past-Papers/CAIE/Paper-5/MS/June%202023%20(v3)%20MS.pdf,Cambridge International AS & A Level Cambridge International AS & A Level Chemistry (9701) 9701/53 2023 May/June mark scheme,normalized
cambridge-international,ial,chemistry,9701,2023-11,9701/11,1,qp,https://www.physicsandmathstutor.com/past-papers/a-level-chemistry/,https://pmt.physicsandmathstutor.com/download/Chemistry/A-level/Past-Papers/CAIE/Paper-1/QP/November%202023%20(v1)%20QP.pdf,Cambridge International AS & A Level Cambridge International AS & A Level Chemistry (9701) 9701/11 2023 October/November question paper,normalized
cambridge-international,ial,chemistry,9701,2023-11,9701/11,1,ms,https://www.physicsandmathstutor.com/past-papers/a-level-chemistry/,https://pmt.physicsandmathstutor.com/download/Chemistry/A-level/Past-Papers/CAIE/Paper-1/MS/November%202023%20(v1)%20MS.pdf,Cambridge International AS & A Level Cambridge International AS & A Level Chemistry (9701) 9701/11 2023 October/November mark scheme,normalized
cambridge-international,ial,chemistry,9701,2023-11,9701/34,4,qp,https://www.physicsandmathstutor.com/past-papers/a-level-chemistry/,https://pmt.physicsandmathstutor.com/download/Chemistry/A-level/Past-Papers/CAIE/Paper-3/QP/November%202023%20(v4)%20QP.pdf,Cambridge International AS & A Level Cambridge International AS & A Level Chemistry (9701) 9701/34 2023 October/November question paper,normalized
cambridge-international,ial,chemistry,9701,2023-11,9701/34,4,ms,https://www.physicsandmathstutor.com/past-papers/a-level-chemistry/,https://pmt.physicsandmathstutor.com/download/Chemistry/A-level/Past-Papers/CAIE/Paper-3/MS/November%202023%20(v4)%20MS.pdf,Cambridge International AS & A Level Cambridge International AS & A Level Chemistry (9701) 9701/34 2023 October/November mark scheme,normalized
cambridge-international,ial,chemistry,9701,2023-11,9701/35,5,qp,https://www.physicsandmathstutor.com/past-papers/a-level-chemistry/,https://pmt.physicsandmathstutor.com/download/Chemistry/A-level/Past-Papers/CAIE/Paper-3/QP/November%202023%20(v5)%20QP.pdf,Cambridge International AS & A Level Cambridge International AS & A Level Chemistry (9701) 9701/35 2023 October/November question paper,normalized
cambridge-international,ial,chemistry,9701,2023-11,9701/35,5,ms,https://www.physicsandmathstutor.com/past-papers/a-level-chemistry/,https://pmt.physicsandmathstutor.com/download/Chemistry/A-level/Past-Papers/CAIE/Paper-3/MS/November%202023%20(v5)%20MS.pdf,Cambridge International AS & A Level Cambridge International AS & A Level Chemistry (9701) 9701/35 2023 October/November mark scheme,normalized
cambridge-international,ial,chemistry,9701,2023-11,9701/36,6,qp,https://www.physicsandmathstutor.com/past-papers/a-level-chemistry/,https://pmt.physicsandmathstutor.com/download/Chemistry/A-level/Past-Papers/CAIE/Paper-3/QP/November%202023%20(v6)%20QP.pdf,Cambridge International AS & A Level Cambridge International AS & A Level Chemistry (9701) 9701/36 2023 October/November question paper,normalized
cambridge-international,ial,chemistry,9701,2023-11,9701/36,6,ms,https://www.physicsandmathstutor.com/past-papers/a-level-chemistry/,https://pmt.physicsandmathstutor.com/download/Chemistry/A-level/Past-Papers/CAIE/Paper-3/MS/November%202023%20(v6)%20MS.pdf,Cambridge International AS & A Level Cambridge International AS & A Level Chemistry (9701) 9701/36 2023 October/November mark scheme,normalized
cambridge-international,ial,chemistry,9701,2023-11,9701/51,1,qp,https://www.physicsandmathstutor.com/past-papers/a-level-chemistry/,https://pmt.physicsandmathstutor.com/download/Chemistry/A-level/Past-Papers/CAIE/Paper-5/QP/November%202023%20(v1)%20QP.pdf,Cambridge International AS & A Level Cambridge International AS & A Level Chemistry (9701) 9701/51 2023 October/November question paper,normalized
cambridge-international,ial,chemistry,9701,2023-11,9701/51,1,ms,https://www.physicsandmathstutor.com/past-papers/a-level-chemistry/,https://pmt.physicsandmathstutor.com/download/Chemistry/A-level/Past-Papers/CAIE/Paper-5/MS/November%202023%20(v1)%20MS.pdf,Cambridge International AS & A Level Cambridge International AS & A Level Chemistry (9701) 9701/51 2023 October/November mark scheme,normalized
cambridge-international,ial,chemistry,9701,2023-11,9701/53,3,qp,https://www.physicsandmathstutor.com/past-papers/a-level-chemistry/,https://pmt.physicsandmathstutor.com/download/Chemistry/A-level/Past-Papers/CAIE/Paper-5/QP/November%202023%20(v3)%20QP.pdf,Cambridge International AS & A Level Cambridge International AS & A Level Chemistry (9701) 9701/53 2023 October/November question paper,normalized
cambridge-international,ial,chemistry,9701,2023-11,9701/53,3,ms,https://www.physicsandmathstutor.com/past-papers/a-level-chemistry/,https://pmt.physicsandmathstutor.com/download/Chemistry/A-level/Past-Papers/CAIE/Paper-5/MS/November%202023%20(v3)%20MS.pdf,Cambridge International AS & A Level Cambridge International AS & A Level Chemistry (9701) 9701/53 2023 October/November mark scheme,normalized
cambridge-international,ial,chemistry,9701,2024-03,9701/12,2,qp,https://www.physicsandmathstutor.com/past-papers/a-level-chemistry/,https://pmt.physicsandmathstutor.com/download/Chemistry/A-level/Past-Papers/CAIE/Paper-1/QP/March%202024%20(v2)%20QP.pdf,Cambridge International AS & A Level Cambridge International AS & A Level Chemistry (9701) 9701/12 2024 February/March question paper,normalized
cambridge-international,ial,chemistry,9701,2024-03,9701/12,2,ms,https://www.physicsandmathstutor.com/past-papers/a-level-chemistry/,https://pmt.physicsandmathstutor.com/download/Chemistry/A-level/Past-Papers/CAIE/Paper-1/MS/March%202024%20(v2)%20MS.pdf,Cambridge International AS & A Level Cambridge International AS & A Level Chemistry (9701) 9701/12 2024 February/March mark scheme,normalized
cambridge-international,ial,chemistry,9701,2024-03,9701/22,2,qp,https://www.physicsandmathstutor.com/past-papers/a-level-chemistry/,https://pmt.physicsandmathstutor.com/download/Chemistry/A-level/Past-Papers/CAIE/Paper-2/QP/March%202024%20(v2)%20QP.pdf,Cambridge International AS & A Level Cambridge International AS & A Level Chemistry (9701) 9701/22 2024 February/March question paper,normalized
cambridge-international,ial,chemistry,9701,2024-03,9701/22,2,ms,https://www.physicsandmathstutor.com/past-papers/a-level-chemistry/,https://pmt.physicsandmathstutor.com/download/Chemistry/A-level/Past-Papers/CAIE/Paper-2/MS/March%202024%20(v2)%20MS.pdf,Cambridge International AS & A Level Cambridge International AS & A Level Chemistry (9701) 9701/22 2024 February/March mark scheme,normalized
cambridge-international,ial,chemistry,9701,2024-03,9701/33,3,qp,https://www.physicsandmathstutor.com/past-papers/a-level-chemistry/,https://pmt.physicsandmathstutor.com/download/Chemistry/A-level/Past-Papers/CAIE/Paper-3/QP/March%202024%20(v3)%20QP.pdf,Cambridge International AS & A Level Cambridge International AS & A Level Chemistry (9701) 9701/33 2024 February/March question paper,normalized
cambridge-international,ial,chemistry,9701,2024-03,9701/33,3,ms,https://www.physicsandmathstutor.com/past-papers/a-level-chemistry/,https://pmt.physicsandmathstutor.com/download/Chemistry/A-level/Past-Papers/CAIE/Paper-3/MS/March%202024%20(v3)%20MS.pdf,Cambridge International AS & A Level Cambridge International AS & A Level Chemistry (9701) 9701/33 2024 February/March mark scheme,normalized
cambridge-international,ial,chemistry,9701,2024-03,9701/42,2,qp,https://www.physicsandmathstutor.com/past-papers/a-level-chemistry/,https://pmt.physicsandmathstutor.com/download/Chemistry/A-level/Past-Papers/CAIE/Paper-4/QP/March%202024%20(v2)%20QP.pdf,Cambridge International AS & A Level Cambridge International AS & A Level Chemistry (9701) 9701/42 2024 February/March question paper,normalized
cambridge-international,ial,chemistry,9701,2024-03,9701/42,2,ms,https://www.physicsandmathstutor.com/past-papers/a-level-chemistry/,https://pmt.physicsandmathstutor.com/download/Chemistry/A-level/Past-Papers/CAIE/Paper-4/MS/March%202024%20(v2)%20MS.pdf,Cambridge International AS & A Level Cambridge International AS & A Level Chemistry (9701) 9701/42 2024 February/March mark scheme,normalized
cambridge-international,ial,chemistry,9701,2024-03,9701/52,2,qp,https://www.physicsandmathstutor.com/past-papers/a-level-chemistry/,https://pmt.physicsandmathstutor.com/download/Chemistry/A-level/Past-Papers/CAIE/Paper-5/QP/March%202024%20(v2)%20QP.pdf,Cambridge International AS & A Level Cambridge International AS & A Level Chemistry (9701) 9701/52 2024 February/March question paper,normalized
cambridge-international,ial,chemistry,9701,2024-03,9701/52,2,ms,https://www.physicsandmathstutor.com/past-papers/a-level-chemistry/,https://pmt.physicsandmathstutor.com/download/Chemistry/A-level/Past-Papers/CAIE/Paper-5/MS/March%202024%20(v2)%20MS.pdf,Cambridge International AS & A Level Cambridge International AS & A Level Chemistry (9701) 9701/52 2024 February/March mark scheme,normalized
cambridge-international,ial,chemistry,9701,2024-06,9701/11,1,qp,https://www.physicsandmathstutor.com/past-papers/a-level-chemistry/,https://pmt.physicsandmathstutor.com/download/Chemistry/A-level/Past-Papers/CAIE/Paper-1/QP/June%202024%20(v1)%20QP.pdf,Cambridge International AS & A Level Cambridge International AS & A Level Chemistry (9701) 9701/11 2024 May/June question paper,normalized
cambridge-international,ial,chemistry,9701,2024-06,9701/11,1,ms,https://www.physicsandmathstutor.com/past-papers/a-level-chemistry/,https://pmt.physicsandmathstutor.com/download/Chemistry/A-level/Past-Papers/CAIE/Paper-1/MS/June%202024%20(v1)%20MS.pdf,Cambridge International AS & A Level Cambridge International AS & A Level Chemistry (9701) 9701/11 2024 May/June mark scheme,normalized
cambridge-international,ial,chemistry,9701,2024-06,9701/34,4,qp,https://www.physicsandmathstutor.com/past-papers/a-level-chemistry/,https://pmt.physicsandmathstutor.com/download/Chemistry/A-level/Past-Papers/CAIE/Paper-3/QP/June%202024%20(v4)%20QP.pdf,Cambridge International AS & A Level Cambridge International AS & A Level Chemistry (9701) 9701/34 2024 May/June question paper,normalized
cambridge-international,ial,chemistry,9701,2024-06,9701/34,4,ms,https://www.physicsandmathstutor.com/past-papers/a-level-chemistry/,https://pmt.physicsandmathstutor.com/download/Chemistry/A-level/Past-Papers/CAIE/Paper-3/MS/June%202024%20(v4)%20MS.pdf,Cambridge International AS & A Level Cambridge International AS & A Level Chemistry (9701) 9701/34 2024 May/June mark scheme,normalized
cambridge-international,ial,chemistry,9701,2024-06,9701/35,5,qp,https://www.physicsandmathstutor.com/past-papers/a-level-chemistry/,https://pmt.physicsandmathstutor.com/download/Chemistry/A-level/Past-Papers/CAIE/Paper-3/QP/June%202024%20(v5)%20QP.pdf,Cambridge International AS & A Level Cambridge International AS & A Level Chemistry (9701) 9701/35 2024 May/June question paper,normalized
cambridge-international,ial,chemistry,9701,2024-06,9701/35,5,ms,https://www.physicsandmathstutor.com/past-papers/a-level-chemistry/,https://pmt.physicsandmathstutor.com/download/Chemistry/A-level/Past-Papers/CAIE/Paper-3/MS/June%202024%20(v5)%20MS.pdf,Cambridge International AS & A Level Cambridge International AS & A Level Chemistry (9701) 9701/35 2024 May/June mark scheme,normalized
cambridge-international,ial,chemistry,9701,2024-06,9701/51,1,qp,https://www.physicsandmathstutor.com/past-papers/a-level-chemistry/,https://pmt.physicsandmathstutor.com/download/Chemistry/A-level/Past-Papers/CAIE/Paper-5/QP/June%202024%20(v1)%20QP.pdf,Cambridge International AS & A Level Cambridge International AS & A Level Chemistry (9701) 9701/51 2024 May/June question paper,normalized
cambridge-international,ial,chemistry,9701,2024-06,9701/51,1,ms,https://www.physicsandmathstutor.com/past-papers/a-level-chemistry/,https://pmt.physicsandmathstutor.com/download/Chemistry/A-level/Past-Papers/CAIE/Paper-5/MS/June%202024%20(v1)%20MS.pdf,Cambridge International AS & A Level Cambridge International AS & A Level Chemistry (9701) 9701/51 2024 May/June mark scheme,normalized
cambridge-international,ial,chemistry,9701,2024-06,9701/53,3,qp,https://www.physicsandmathstutor.com/past-papers/a-level-chemistry/,https://pmt.physicsandmathstutor.com/download/Chemistry/A-level/Past-Papers/CAIE/Paper-5/QP/June%202024%20(v3)%20QP.pdf,Cambridge International AS & A Level Cambridge International AS & A Level Chemistry (9701) 9701/53 2024 May/June question paper,normalized
cambridge-international,ial,chemistry,9701,2024-06,9701/53,3,ms,https://www.physicsandmathstutor.com/past-papers/a-level-chemistry/,https://pmt.physicsandmathstutor.com/download/Chemistry/A-level/Past-Papers/CAIE/Paper-5/MS/June%202024%20(v3)%20MS.pdf,Cambridge International AS & A Level Cambridge International AS & A Level Chemistry (9701) 9701/53 2024 May/June mark scheme,normalized
cambridge-international,ial,chemistry,9701,2024-11,9701/11,1,qp,https://www.physicsandmathstutor.com/past-papers/a-level-chemistry/,https://pmt.physicsandmathstutor.com/download/Chemistry/A-level/Past-Papers/CAIE/Paper-1/QP/November%202024%20(v1)%20QP.pdf,Cambridge International AS & A Level Cambridge International AS & A Level Chemistry (9701) 9701/11 2024 October/November question paper,normalized
cambridge-international,ial,chemistry,9701,2024-11,9701/11,1,ms,https://www.physicsandmathstutor.com/past-papers/a-level-chemistry/,https://pmt.physicsandmathstutor.com/download/Chemistry/A-level/Past-Papers/CAIE/Paper-1/MS/November%202024%20(v1)%20MS.pdf,Cambridge International AS & A Level Cambridge International AS & A Level Chemistry (9701) 9701/11 2024 October/November mark scheme,normalized
cambridge-international,ial,chemistry,9701,2024-11,9701/34,4,qp,https://www.physicsandmathstutor.com/past-papers/a-level-chemistry/,https://pmt.physicsandmathstutor.com/download/Chemistry/A-level/Past-Papers/CAIE/Paper-3/QP/November%202024%20(v4)%20QP.pdf,Cambridge International AS & A Level Cambridge International AS & A Level Chemistry (9701) 9701/34 2024 October/November question paper,normalized
cambridge-international,ial,chemistry,9701,2024-11,9701/34,4,ms,https://www.physicsandmathstutor.com/past-papers/a-level-chemistry/,https://pmt.physicsandmathstutor.com/download/Chemistry/A-level/Past-Papers/CAIE/Paper-3/MS/November%202024%20(v4)%20MS.pdf,Cambridge International AS & A Level Cambridge International AS & A Level Chemistry (9701) 9701/34 2024 October/November mark scheme,normalized
cambridge-international,ial,chemistry,9701,2024-11,9701/35,5,qp,https://www.physicsandmathstutor.com/past-papers/a-level-chemistry/,https://pmt.physicsandmathstutor.com/download/Chemistry/A-level/Past-Papers/CAIE/Paper-3/QP/November%202024%20(v5)%20QP.pdf,Cambridge International AS & A Level Cambridge International AS & A Level Chemistry (9701) 9701/35 2024 October/November question paper,normalized
cambridge-international,ial,chemistry,9701,2024-11,9701/35,5,ms,https://www.physicsandmathstutor.com/past-papers/a-level-chemistry/,https://pmt.physicsandmathstutor.com/download/Chemistry/A-level/Past-Papers/CAIE/Paper-3/MS/November%202024%20(v5)%20MS.pdf,Cambridge International AS & A Level Cambridge International AS & A Level Chemistry (9701) 9701/35 2024 October/November mark scheme,normalized
cambridge-international,ial,chemistry,9701,2024-11,9701/36,6,qp,https://www.physicsandmathstutor.com/past-papers/a-level-chemistry/,https://pmt.physicsandmathstutor.com/download/Chemistry/A-level/Past-Papers/CAIE/Paper-3/QP/November%202024%20(v6)%20QP.pdf,Cambridge International AS & A Level Cambridge International AS & A Level Chemistry (9701) 9701/36 2024 October/November question paper,normalized
cambridge-international,ial,chemistry,9701,2024-11,9701/36,6,ms,https://www.physicsandmathstutor.com/past-papers/a-level-chemistry/,https://pmt.physicsandmathstutor.com/download/Chemistry/A-level/Past-Papers/CAIE/Paper-3/MS/November%202024%20(v6)%20MS.pdf,Cambridge International AS & A Level Cambridge International AS & A Level Chemistry (9701) 9701/36 2024 October/November mark scheme,normalized
cambridge-international,ial,chemistry,9701,2024-11,9701/51,1,qp,https://www.physicsandmathstutor.com/past-papers/a-level-chemistry/,https://pmt.physicsandmathstutor.com/download/Chemistry/A-level/Past-Papers/CAIE/Paper-5/QP/November%202024%20(v1)%20QP.pdf,Cambridge International AS & A Level Cambridge International AS & A Level Chemistry (9701) 9701/51 2024 October/November question paper,normalized
cambridge-international,ial,chemistry,9701,2024-11,9701/51,1,ms,https://www.physicsandmathstutor.com/past-papers/a-level-chemistry/,https://pmt.physicsandmathstutor.com/download/Chemistry/A-level/Past-Papers/CAIE/Paper-5/MS/November%202024%20(v1)%20MS.pdf,Cambridge International AS & A Level Cambridge International AS & A Level Chemistry (9701) 9701/51 2024 October/November mark scheme,normalized
cambridge-international,ial,chemistry,9701,2024-11,9701/53,3,qp,https://www.physicsandmathstutor.com/past-papers/a-level-chemistry/,https://pmt.physicsandmathstutor.com/download/Chemistry/A-level/Past-Papers/CAIE/Paper-5/QP/November%202024%20(v3)%20QP.pdf,Cambridge International AS & A Level Cambridge International AS & A Level Chemistry (9701) 9701/53 2024 October/November question paper,normalized
cambridge-international,ial,chemistry,9701,2024-11,9701/53,3,ms,https://www.physicsandmathstutor.com/past-papers/a-level-chemistry/,https://pmt.physicsandmathstutor.com/download/Chemistry/A-level/Past-Papers/CAIE/Paper-5/MS/November%202024%20(v3)%20MS.pdf,Cambridge International AS & A Level Cambridge International AS & A Level Chemistry (9701) 9701/53 2024 October/November mark scheme,normalized
cambridge-international,ial,chemistry,9701,2025-03,9701/12,2,qp,https://www.physicsandmathstutor.com/past-papers/a-level-chemistry/,https://pmt.physicsandmathstutor.com/download/Chemistry/A-level/Past-Papers/CAIE/Paper-1/QP/March%202025%20(v2)%20QP.pdf,Cambridge International AS & A Level Cambridge International AS & A Level Chemistry (9701) 9701/12 2025 February/March question paper,normalized
cambridge-international,ial,chemistry,9701,2025-03,9701/12,2,ms,https://www.physicsandmathstutor.com/past-papers/a-level-chemistry/,https://pmt.physicsandmathstutor.com/download/Chemistry/A-level/Past-Papers/CAIE/Paper-1/MS/March%202025%20(v2)%20MS.pdf,Cambridge International AS & A Level Cambridge International AS & A Level Chemistry (9701) 9701/12 2025 February/March mark scheme,normalized
cambridge-international,ial,chemistry,9701,2025-03,9701/22,2,qp,https://www.physicsandmathstutor.com/past-papers/a-level-chemistry/,https://pmt.physicsandmathstutor.com/download/Chemistry/A-level/Past-Papers/CAIE/Paper-2/QP/March%202025%20(v2)%20QP.pdf,Cambridge International AS & A Level Cambridge International AS & A Level Chemistry (9701) 9701/22 2025 February/March question paper,normalized
cambridge-international,ial,chemistry,9701,2025-03,9701/22,2,ms,https://www.physicsandmathstutor.com/past-papers/a-level-chemistry/,https://pmt.physicsandmathstutor.com/download/Chemistry/A-level/Past-Papers/CAIE/Paper-2/MS/March%202025%20(v2)%20MS.pdf,Cambridge International AS & A Level Cambridge International AS & A Level Chemistry (9701) 9701/22 2025 February/March mark scheme,normalized
cambridge-international,ial,chemistry,9701,2025-03,9701/33,3,qp,https://www.physicsandmathstutor.com/past-papers/a-level-chemistry/,https://pmt.physicsandmathstutor.com/download/Chemistry/A-level/Past-Papers/CAIE/Paper-3/QP/March%202025%20(v3)%20QP.pdf,Cambridge International AS & A Level Cambridge International AS & A Level Chemistry (9701) 9701/33 2025 February/March question paper,normalized
cambridge-international,ial,chemistry,9701,2025-03,9701/33,3,ms,https://www.physicsandmathstutor.com/past-papers/a-level-chemistry/,https://pmt.physicsandmathstutor.com/download/Chemistry/A-level/Past-Papers/CAIE/Paper-3/MS/March%202025%20(v3)%20MS.pdf,Cambridge International AS & A Level Cambridge International AS & A Level Chemistry (9701) 9701/33 2025 February/March mark scheme,normalized
cambridge-international,ial,chemistry,9701,2025-03,9701/42,2,qp,https://www.physicsandmathstutor.com/past-papers/a-level-chemistry/,https://pmt.physicsandmathstutor.com/download/Chemistry/A-level/Past-Papers/CAIE/Paper-4/QP/March%202025%20(v2)%20QP.pdf,Cambridge International AS & A Level Cambridge International AS & A Level Chemistry (9701) 9701/42 2025 February/March question paper,normalized
cambridge-international,ial,chemistry,9701,2025-03,9701/42,2,ms,https://www.physicsandmathstutor.com/past-papers/a-level-chemistry/,https://pmt.physicsandmathstutor.com/download/Chemistry/A-level/Past-Papers/CAIE/Paper-4/MS/March%202025%20(v2)%20MS.pdf,Cambridge International AS & A Level Cambridge International AS & A Level Chemistry (9701) 9701/42 2025 February/March mark scheme,normalized
cambridge-international,ial,chemistry,9701,2025-03,9701/52,2,qp,https://www.physicsandmathstutor.com/past-papers/a-level-chemistry/,https://pmt.physicsandmathstutor.com/download/Chemistry/A-level/Past-Papers/CAIE/Paper-5/QP/March%202025%20(v2)%20QP.pdf,Cambridge International AS & A Level Cambridge International AS & A Level Chemistry (9701) 9701/52 2025 February/March question paper,normalized
cambridge-international,ial,chemistry,9701,2025-03,9701/52,2,ms,https://www.physicsandmathstutor.com/past-papers/a-level-chemistry/,https://pmt.physicsandmathstutor.com/download/Chemistry/A-level/Past-Papers/CAIE/Paper-5/MS/March%202025%20(v2)%20MS.pdf,Cambridge International AS & A Level Cambridge International AS & A Level Chemistry (9701) 9701/52 2025 February/March mark scheme,normalized
cambridge-international,ial,chemistry,9701,2025-06,9701/11,1,qp,https://www.physicsandmathstutor.com/past-papers/a-level-chemistry/,https://pmt.physicsandmathstutor.com/download/Chemistry/A-level/Past-Papers/CAIE/Paper-1/QP/June%202025%20(v1)%20QP.pdf,Cambridge International AS & A Level Cambridge International AS & A Level Chemistry (9701) 9701/11 2025 May/June question paper,normalized
cambridge-international,ial,chemistry,9701,2025-06,9701/11,1,ms,https://www.physicsandmathstutor.com/past-papers/a-level-chemistry/,https://pmt.physicsandmathstutor.com/download/Chemistry/A-level/Past-Papers/CAIE/Paper-1/MS/June%202025%20(v1)%20MS.pdf,Cambridge International AS & A Level Cambridge International AS & A Level Chemistry (9701) 9701/11 2025 May/June mark scheme,normalized
cambridge-international,ial,chemistry,9701,2025-06,9701/12,2,qp,https://www.physicsandmathstutor.com/past-papers/a-level-chemistry/,https://pmt.physicsandmathstutor.com/download/Chemistry/A-level/Past-Papers/CAIE/Paper-1/QP/June%202025%20(v2)%20QP.pdf,Cambridge International AS & A Level Cambridge International AS & A Level Chemistry (9701) 9701/12 2025 May/June question paper,normalized
cambridge-international,ial,chemistry,9701,2025-06,9701/12,2,ms,https://www.physicsandmathstutor.com/past-papers/a-level-chemistry/,https://pmt.physicsandmathstutor.com/download/Chemistry/A-level/Past-Papers/CAIE/Paper-1/MS/June%202025%20(v2)%20MS.pdf,Cambridge International AS & A Level Cambridge International AS & A Level Chemistry (9701) 9701/12 2025 May/June mark scheme,normalized
cambridge-international,ial,chemistry,9701,2025-06,9701/13,3,qp,https://www.physicsandmathstutor.com/past-papers/a-level-chemistry/,https://pmt.physicsandmathstutor.com/download/Chemistry/A-level/Past-Papers/CAIE/Paper-1/QP/June%202025%20(v3)%20QP.pdf,Cambridge International AS & A Level Cambridge International AS & A Level Chemistry (9701) 9701/13 2025 May/June question paper,normalized
cambridge-international,ial,chemistry,9701,2025-06,9701/13,3,ms,https://www.physicsandmathstutor.com/past-papers/a-level-chemistry/,https://pmt.physicsandmathstutor.com/download/Chemistry/A-level/Past-Papers/CAIE/Paper-1/MS/June%202025%20(v3)%20MS.pdf,Cambridge International AS & A Level Cambridge International AS & A Level Chemistry (9701) 9701/13 2025 May/June mark scheme,normalized
cambridge-international,ial,chemistry,9701,2025-06,9701/14,4,qp,https://www.physicsandmathstutor.com/past-papers/a-level-chemistry/,https://pmt.physicsandmathstutor.com/download/Chemistry/A-level/Past-Papers/CAIE/Paper-1/QP/June%202025%20(v4)%20QP.pdf,Cambridge International AS & A Level Cambridge International AS & A Level Chemistry (9701) 9701/14 2025 May/June question paper,normalized
cambridge-international,ial,chemistry,9701,2025-06,9701/14,4,ms,https://www.physicsandmathstutor.com/past-papers/a-level-chemistry/,https://pmt.physicsandmathstutor.com/download/Chemistry/A-level/Past-Papers/CAIE/Paper-1/MS/June%202025%20(v4)%20MS.pdf,Cambridge International AS & A Level Cambridge International AS & A Level Chemistry (9701) 9701/14 2025 May/June mark scheme,normalized
cambridge-international,ial,chemistry,9701,2025-06,9701/21,1,qp,https://www.physicsandmathstutor.com/past-papers/a-level-chemistry/,https://pmt.physicsandmathstutor.com/download/Chemistry/A-level/Past-Papers/CAIE/Paper-2/QP/June%202025%20(v1)%20QP.pdf,Cambridge International AS & A Level Cambridge International AS & A Level Chemistry (9701) 9701/21 2025 May/June question paper,normalized
cambridge-international,ial,chemistry,9701,2025-06,9701/21,1,ms,https://www.physicsandmathstutor.com/past-papers/a-level-chemistry/,https://pmt.physicsandmathstutor.com/download/Chemistry/A-level/Past-Papers/CAIE/Paper-2/MS/June%202025%20(v1)%20MS.pdf,Cambridge International AS & A Level Cambridge International AS & A Level Chemistry (9701) 9701/21 2025 May/June mark scheme,normalized
cambridge-international,ial,chemistry,9701,2025-06,9701/22,2,qp,https://www.physicsandmathstutor.com/past-papers/a-level-chemistry/,https://pmt.physicsandmathstutor.com/download/Chemistry/A-level/Past-Papers/CAIE/Paper-2/QP/June%202025%20(v2)%20QP.pdf,Cambridge International AS & A Level Cambridge International AS & A Level Chemistry (9701) 9701/22 2025 May/June question paper,normalized
cambridge-international,ial,chemistry,9701,2025-06,9701/22,2,ms,https://www.physicsandmathstutor.com/past-papers/a-level-chemistry/,https://pmt.physicsandmathstutor.com/download/Chemistry/A-level/Past-Papers/CAIE/Paper-2/MS/June%202025%20(v2)%20MS.pdf,Cambridge International AS & A Level Cambridge International AS & A Level Chemistry (9701) 9701/22 2025 May/June mark scheme,normalized
cambridge-international,ial,chemistry,9701,2025-06,9701/23,3,qp,https://www.physicsandmathstutor.com/past-papers/a-level-chemistry/,https://pmt.physicsandmathstutor.com/download/Chemistry/A-level/Past-Papers/CAIE/Paper-2/QP/June%202025%20(v3)%20QP.pdf,Cambridge International AS & A Level Cambridge International AS & A Level Chemistry (9701) 9701/23 2025 May/June question paper,normalized
cambridge-international,ial,chemistry,9701,2025-06,9701/23,3,ms,https://www.physicsandmathstutor.com/past-papers/a-level-chemistry/,https://pmt.physicsandmathstutor.com/download/Chemistry/A-level/Past-Papers/CAIE/Paper-2/MS/June%202025%20(v3)%20MS.pdf,Cambridge International AS & A Level Cambridge International AS & A Level Chemistry (9701) 9701/23 2025 May/June mark scheme,normalized
cambridge-international,ial,chemistry,9701,2025-06,9701/24,4,qp,https://www.physicsandmathstutor.com/past-papers/a-level-chemistry/,https://pmt.physicsandmathstutor.com/download/Chemistry/A-level/Past-Papers/CAIE/Paper-2/QP/June%202025%20(v4)%20QP.pdf,Cambridge International AS & A Level Cambridge International AS & A Level Chemistry (9701) 9701/24 2025 May/June question paper,normalized
cambridge-international,ial,chemistry,9701,2025-06,9701/24,4,ms,https://www.physicsandmathstutor.com/past-papers/a-level-chemistry/,https://pmt.physicsandmathstutor.com/download/Chemistry/A-level/Past-Papers/CAIE/Paper-2/MS/June%202025%20(v4)%20MS.pdf,Cambridge International AS & A Level Cambridge International AS & A Level Chemistry (9701) 9701/24 2025 May/June mark scheme,normalized
cambridge-international,ial,chemistry,9701,2025-06,9701/31,1,qp,https://www.physicsandmathstutor.com/past-papers/a-level-chemistry/,https://pmt.physicsandmathstutor.com/download/Chemistry/A-level/Past-Papers/CAIE/Paper-3/QP/June%202025%20(v1)%20QP.pdf,Cambridge International AS & A Level Cambridge International AS & A Level Chemistry (9701) 9701/31 2025 May/June question paper,normalized
cambridge-international,ial,chemistry,9701,2025-06,9701/31,1,ms,https://www.physicsandmathstutor.com/past-papers/a-level-chemistry/,https://pmt.physicsandmathstutor.com/download/Chemistry/A-level/Past-Papers/CAIE/Paper-3/MS/June%202025%20(v1)%20MS.pdf,Cambridge International AS & A Level Cambridge International AS & A Level Chemistry (9701) 9701/31 2025 May/June mark scheme,normalized
cambridge-international,ial,chemistry,9701,2025-06,9701/32,2,qp,https://www.physicsandmathstutor.com/past-papers/a-level-chemistry/,https://pmt.physicsandmathstutor.com/download/Chemistry/A-level/Past-Papers/CAIE/Paper-3/QP/June%202025%20(v2)%20QP.pdf,Cambridge International AS & A Level Cambridge International AS & A Level Chemistry (9701) 9701/32 2025 May/June question paper,normalized
cambridge-international,ial,chemistry,9701,2025-06,9701/32,2,ms,https://www.physicsandmathstutor.com/past-papers/a-level-chemistry/,https://pmt.physicsandmathstutor.com/download/Chemistry/A-level/Past-Papers/CAIE/Paper-3/MS/June%202025%20(v2)%20MS.pdf,Cambridge International AS & A Level Cambridge International AS & A Level Chemistry (9701) 9701/32 2025 May/June mark scheme,normalized
cambridge-international,ial,chemistry,9701,2025-06,9701/33,3,qp,https://www.physicsandmathstutor.com/past-papers/a-level-chemistry/,https://pmt.physicsandmathstutor.com/download/Chemistry/A-level/Past-Papers/CAIE/Paper-3/QP/June%202025%20(v3)%20QP.pdf,Cambridge International AS & A Level Cambridge International AS & A Level Chemistry (9701) 9701/33 2025 May/June question paper,normalized
cambridge-international,ial,chemistry,9701,2025-06,9701/33,3,ms,https://www.physicsandmathstutor.com/past-papers/a-level-chemistry/,https://pmt.physicsandmathstutor.com/download/Chemistry/A-level/Past-Papers/CAIE/Paper-3/MS/June%202025%20(v3)%20MS.pdf,Cambridge International AS & A Level Cambridge International AS & A Level Chemistry (9701) 9701/33 2025 May/June mark scheme,normalized
cambridge-international,ial,chemistry,9701,2025-06,9701/34,4,qp,https://www.physicsandmathstutor.com/past-papers/a-level-chemistry/,https://pmt.physicsandmathstutor.com/download/Chemistry/A-level/Past-Papers/CAIE/Paper-3/QP/June%202025%20(v4)%20QP.pdf,Cambridge International AS & A Level Cambridge International AS & A Level Chemistry (9701) 9701/34 2025 May/June question paper,normalized
cambridge-international,ial,chemistry,9701,2025-06,9701/34,4,ms,https://www.physicsandmathstutor.com/past-papers/a-level-chemistry/,https://pmt.physicsandmathstutor.com/download/Chemistry/A-level/Past-Papers/CAIE/Paper-3/MS/June%202025%20(v4)%20MS.pdf,Cambridge International AS & A Level Cambridge International AS & A Level Chemistry (9701) 9701/34 2025 May/June mark scheme,normalized
cambridge-international,ial,chemistry,9701,2025-06,9701/35,5,qp,https://www.physicsandmathstutor.com/past-papers/a-level-chemistry/,https://pmt.physicsandmathstutor.com/download/Chemistry/A-level/Past-Papers/CAIE/Paper-3/QP/June%202025%20(v5)%20QP.pdf,Cambridge International AS & A Level Cambridge International AS & A Level Chemistry (9701) 9701/35 2025 May/June question paper,normalized
cambridge-international,ial,chemistry,9701,2025-06,9701/35,5,ms,https://www.physicsandmathstutor.com/past-papers/a-level-chemistry/,https://pmt.physicsandmathstutor.com/download/Chemistry/A-level/Past-Papers/CAIE/Paper-3/MS/June%202025%20(v5)%20MS.pdf,Cambridge International AS & A Level Cambridge International AS & A Level Chemistry (9701) 9701/35 2025 May/June mark scheme,normalized
cambridge-international,ial,chemistry,9701,2025-06,9701/37,7,qp,https://www.physicsandmathstutor.com/past-papers/a-level-chemistry/,https://pmt.physicsandmathstutor.com/download/Chemistry/A-level/Past-Papers/CAIE/Paper-3/QP/June%202025%20(v7)%20QP.pdf,Cambridge International AS & A Level Cambridge International AS & A Level Chemistry (9701) 9701/37 2025 May/June question paper,normalized
cambridge-international,ial,chemistry,9701,2025-06,9701/37,7,ms,https://www.physicsandmathstutor.com/past-papers/a-level-chemistry/,https://pmt.physicsandmathstutor.com/download/Chemistry/A-level/Past-Papers/CAIE/Paper-3/MS/June%202025%20(v7)%20MS.pdf,Cambridge International AS & A Level Cambridge International AS & A Level Chemistry (9701) 9701/37 2025 May/June mark scheme,normalized
cambridge-international,ial,chemistry,9701,2025-06,9701/38,8,qp,https://www.physicsandmathstutor.com/past-papers/a-level-chemistry/,https://pmt.physicsandmathstutor.com/download/Chemistry/A-level/Past-Papers/CAIE/Paper-3/QP/June%202025%20(v8)%20QP.pdf,Cambridge International AS & A Level Cambridge International AS & A Level Chemistry (9701) 9701/38 2025 May/June question paper,normalized
cambridge-international,ial,chemistry,9701,2025-06,9701/38,8,ms,https://www.physicsandmathstutor.com/past-papers/a-level-chemistry/,https://pmt.physicsandmathstutor.com/download/Chemistry/A-level/Past-Papers/CAIE/Paper-3/MS/June%202025%20(v8)%20MS.pdf,Cambridge International AS & A Level Cambridge International AS & A Level Chemistry (9701) 9701/38 2025 May/June mark scheme,normalized
cambridge-international,ial,chemistry,9701,2025-06,9701/41,1,qp,https://www.physicsandmathstutor.com/past-papers/a-level-chemistry/,https://pmt.physicsandmathstutor.com/download/Chemistry/A-level/Past-Papers/CAIE/Paper-4/QP/June%202025%20(v1)%20QP.pdf,Cambridge International AS & A Level Cambridge International AS & A Level Chemistry (9701) 9701/41 2025 May/June question paper,normalized
cambridge-international,ial,chemistry,9701,2025-06,9701/41,1,ms,https://www.physicsandmathstutor.com/past-papers/a-level-chemistry/,https://pmt.physicsandmathstutor.com/download/Chemistry/A-level/Past-Papers/CAIE/Paper-4/MS/June%202025%20(v1)%20MS.pdf,Cambridge International AS & A Level Cambridge International AS & A Level Chemistry (9701) 9701/41 2025 May/June mark scheme,normalized
cambridge-international,ial,chemistry,9701,2025-06,9701/42,2,qp,https://www.physicsandmathstutor.com/past-papers/a-level-chemistry/,https://pmt.physicsandmathstutor.com/download/Chemistry/A-level/Past-Papers/CAIE/Paper-4/QP/June%202025%20(v2)%20QP.pdf,Cambridge International AS & A Level Cambridge International AS & A Level Chemistry (9701) 9701/42 2025 May/June question paper,normalized
cambridge-international,ial,chemistry,9701,2025-06,9701/42,2,ms,https://www.physicsandmathstutor.com/past-papers/a-level-chemistry/,https://pmt.physicsandmathstutor.com/download/Chemistry/A-level/Past-Papers/CAIE/Paper-4/MS/June%202025%20(v2)%20MS.pdf,Cambridge International AS & A Level Cambridge International AS & A Level Chemistry (9701) 9701/42 2025 May/June mark scheme,normalized
cambridge-international,ial,chemistry,9701,2025-06,9701/43,3,qp,https://www.physicsandmathstutor.com/past-papers/a-level-chemistry/,https://pmt.physicsandmathstutor.com/download/Chemistry/A-level/Past-Papers/CAIE/Paper-4/QP/June%202025%20(v3)%20QP.pdf,Cambridge International AS & A Level Cambridge International AS & A Level Chemistry (9701) 9701/43 2025 May/June question paper,normalized
cambridge-international,ial,chemistry,9701,2025-06,9701/43,3,ms,https://www.physicsandmathstutor.com/past-papers/a-level-chemistry/,https://pmt.physicsandmathstutor.com/download/Chemistry/A-level/Past-Papers/CAIE/Paper-4/MS/June%202025%20(v3)%20MS.pdf,Cambridge International AS & A Level Cambridge International AS & A Level Chemistry (9701) 9701/43 2025 May/June mark scheme,normalized
cambridge-international,ial,chemistry,9701,2025-06,9701/44,4,qp,https://www.physicsandmathstutor.com/past-papers/a-level-chemistry/,https://pmt.physicsandmathstutor.com/download/Chemistry/A-level/Past-Papers/CAIE/Paper-4/QP/June%202025%20(v4)%20QP.pdf,Cambridge International AS & A Level Cambridge International AS & A Level Chemistry (9701) 9701/44 2025 May/June question paper,normalized
cambridge-international,ial,chemistry,9701,2025-06,9701/44,4,ms,https://www.physicsandmathstutor.com/past-papers/a-level-chemistry/,https://pmt.physicsandmathstutor.com/download/Chemistry/A-level/Past-Papers/CAIE/Paper-4/MS/June%202025%20(v4)%20MS.pdf,Cambridge International AS & A Level Cambridge International AS & A Level Chemistry (9701) 9701/44 2025 May/June mark scheme,normalized
cambridge-international,ial,chemistry,9701,2025-06,9701/51,1,qp,https://www.physicsandmathstutor.com/past-papers/a-level-chemistry/,https://pmt.physicsandmathstutor.com/download/Chemistry/A-level/Past-Papers/CAIE/Paper-5/QP/June%202025%20(v1)%20QP.pdf,Cambridge International AS & A Level Cambridge International AS & A Level Chemistry (9701) 9701/51 2025 May/June question paper,normalized
cambridge-international,ial,chemistry,9701,2025-06,9701/51,1,ms,https://www.physicsandmathstutor.com/past-papers/a-level-chemistry/,https://pmt.physicsandmathstutor.com/download/Chemistry/A-level/Past-Papers/CAIE/Paper-5/MS/June%202025%20(v1)%20MS.pdf,Cambridge International AS & A Level Cambridge International AS & A Level Chemistry (9701) 9701/51 2025 May/June mark scheme,normalized
cambridge-international,ial,chemistry,9701,2025-06,9701/52,2,qp,https://www.physicsandmathstutor.com/past-papers/a-level-chemistry/,https://pmt.physicsandmathstutor.com/download/Chemistry/A-level/Past-Papers/CAIE/Paper-5/QP/June%202025%20(v2)%20QP.pdf,Cambridge International AS & A Level Cambridge International AS & A Level Chemistry (9701) 9701/52 2025 May/June question paper,normalized
cambridge-international,ial,chemistry,9701,2025-06,9701/52,2,ms,https://www.physicsandmathstutor.com/past-papers/a-level-chemistry/,https://pmt.physicsandmathstutor.com/download/Chemistry/A-level/Past-Papers/CAIE/Paper-5/MS/June%202025%20(v2)%20MS.pdf,Cambridge International AS & A Level Cambridge International AS & A Level Chemistry (9701) 9701/52 2025 May/June mark scheme,normalized
cambridge-international,ial,chemistry,9701,2025-06,9701/53,3,qp,https://www.physicsandmathstutor.com/past-papers/a-level-chemistry/,https://pmt.physicsandmathstutor.com/download/Chemistry/A-level/Past-Papers/CAIE/Paper-5/QP/June%202025%20(v3)%20QP.pdf,Cambridge International AS & A Level Cambridge International AS & A Level Chemistry (9701) 9701/53 2025 May/June question paper,normalized
cambridge-international,ial,chemistry,9701,2025-06,9701/53,3,ms,https://www.physicsandmathstutor.com/past-papers/a-level-chemistry/,https://pmt.physicsandmathstutor.com/download/Chemistry/A-level/Past-Papers/CAIE/Paper-5/MS/June%202025%20(v3)%20MS.pdf,Cambridge International AS & A Level Cambridge International AS & A Level Chemistry (9701) 9701/53 2025 May/June mark scheme,normalized
cambridge-international,ial,chemistry,9701,2025-06,9701/54,4,qp,https://www.physicsandmathstutor.com/past-papers/a-level-chemistry/,https://pmt.physicsandmathstutor.com/download/Chemistry/A-level/Past-Papers/CAIE/Paper-5/QP/June%202025%20(v4)%20QP.pdf,Cambridge International AS & A Level Cambridge International AS & A Level Chemistry (9701) 9701/54 2025 May/June question paper,normalized
cambridge-international,ial,chemistry,9701,2025-06,9701/54,4,ms,https://www.physicsandmathstutor.com/past-papers/a-level-chemistry/,https://pmt.physicsandmathstutor.com/download/Chemistry/A-level/Past-Papers/CAIE/Paper-5/MS/June%202025%20(v4)%20MS.pdf,Cambridge International AS & A Level Cambridge International AS & A Level Chemistry (9701) 9701/54 2025 May/June mark scheme,normalized
cambridge-international,ial,physics,9702,2020-11,9702/21,1,qp,https://www.physicsandmathstutor.com/past-papers/a-level-physics/,https://pmt.physicsandmathstutor.com/download/Physics/A-level/Past-Papers/CAIE/Paper-2/QP/November%202020%20(v1)%20QP.pdf,Cambridge International AS & A Level Cambridge International AS & A Level Physics (9702) 9702/21 2020 October/November question paper,normalized
cambridge-international,ial,physics,9702,2020-11,9702/21,1,ms,https://www.physicsandmathstutor.com/past-papers/a-level-physics/,https://pmt.physicsandmathstutor.com/download/Physics/A-level/Past-Papers/CAIE/Paper-2/MS/November%202020%20(v1)%20MS.pdf,Cambridge International AS & A Level Cambridge International AS & A Level Physics (9702) 9702/21 2020 October/November mark scheme,normalized
cambridge-international,ial,physics,9702,2020-11,9702/22,2,qp,https://www.physicsandmathstutor.com/past-papers/a-level-physics/,https://pmt.physicsandmathstutor.com/download/Physics/A-level/Past-Papers/CAIE/Paper-2/QP/November%202020%20(v2)%20QP.pdf,Cambridge International AS & A Level Cambridge International AS & A Level Physics (9702) 9702/22 2020 October/November question paper,normalized
cambridge-international,ial,physics,9702,2020-11,9702/22,2,ms,https://www.physicsandmathstutor.com/past-papers/a-level-physics/,https://pmt.physicsandmathstutor.com/download/Physics/A-level/Past-Papers/CAIE/Paper-2/MS/November%202020%20(v2)%20MS.pdf,Cambridge International AS & A Level Cambridge International AS & A Level Physics (9702) 9702/22 2020 October/November mark scheme,normalized
cambridge-international,ial,physics,9702,2020-11,9702/23,3,qp,https://www.physicsandmathstutor.com/past-papers/a-level-physics/,https://pmt.physicsandmathstutor.com/download/Physics/A-level/Past-Papers/CAIE/Paper-2/QP/November%202020%20(v3)%20QP.pdf,Cambridge International AS & A Level Cambridge International AS & A Level Physics (9702) 9702/23 2020 October/November question paper,normalized
cambridge-international,ial,physics,9702,2020-11,9702/23,3,ms,https://www.physicsandmathstutor.com/past-papers/a-level-physics/,https://pmt.physicsandmathstutor.com/download/Physics/A-level/Past-Papers/CAIE/Paper-2/MS/November%202020%20(v3)%20MS.pdf,Cambridge International AS & A Level Cambridge International AS & A Level Physics (9702) 9702/23 2020 October/November mark scheme,normalized
cambridge-international,ial,physics,9702,2020-11,9702/31,1,qp,https://www.physicsandmathstutor.com/past-papers/a-level-physics/,https://pmt.physicsandmathstutor.com/download/Physics/A-level/Past-Papers/CAIE/Paper-3/QP/November%202020%20(v1)%20QP.pdf,Cambridge International AS & A Level Cambridge International AS & A Level Physics (9702) 9702/31 2020 October/November question paper,normalized
cambridge-international,ial,physics,9702,2020-11,9702/31,1,ms,https://www.physicsandmathstutor.com/past-papers/a-level-physics/,https://pmt.physicsandmathstutor.com/download/Physics/A-level/Past-Papers/CAIE/Paper-3/MS/November%202020%20(v1)%20MS.pdf,Cambridge International AS & A Level Cambridge International AS & A Level Physics (9702) 9702/31 2020 October/November mark scheme,normalized
cambridge-international,ial,physics,9702,2020-11,9702/33,3,qp,https://www.physicsandmathstutor.com/past-papers/a-level-physics/,https://pmt.physicsandmathstutor.com/download/Physics/A-level/Past-Papers/CAIE/Paper-3/QP/November%202020%20(v3)%20QP.pdf,Cambridge International AS & A Level Cambridge International AS & A Level Physics (9702) 9702/33 2020 October/November question paper,normalized
cambridge-international,ial,physics,9702,2020-11,9702/33,3,ms,https://www.physicsandmathstutor.com/past-papers/a-level-physics/,https://pmt.physicsandmathstutor.com/download/Physics/A-level/Past-Papers/CAIE/Paper-3/MS/November%202020%20(v3)%20MS.pdf,Cambridge International AS & A Level Cambridge International AS & A Level Physics (9702) 9702/33 2020 October/November mark scheme,normalized
cambridge-international,ial,physics,9702,2020-11,9702/34,4,qp,https://www.physicsandmathstutor.com/past-papers/a-level-physics/,https://pmt.physicsandmathstutor.com/download/Physics/A-level/Past-Papers/CAIE/Paper-3/QP/November%202020%20(v4)%20QP.pdf,Cambridge International AS & A Level Cambridge International AS & A Level Physics (9702) 9702/34 2020 October/November question paper,normalized
cambridge-international,ial,physics,9702,2020-11,9702/34,4,ms,https://www.physicsandmathstutor.com/past-papers/a-level-physics/,https://pmt.physicsandmathstutor.com/download/Physics/A-level/Past-Papers/CAIE/Paper-3/MS/November%202020%20(v4)%20MS.pdf,Cambridge International AS & A Level Cambridge International AS & A Level Physics (9702) 9702/34 2020 October/November mark scheme,normalized
cambridge-international,ial,physics,9702,2020-11,9702/35,5,qp,https://www.physicsandmathstutor.com/past-papers/a-level-physics/,https://pmt.physicsandmathstutor.com/download/Physics/A-level/Past-Papers/CAIE/Paper-3/QP/November%202020%20(v5)%20QP.pdf,Cambridge International AS & A Level Cambridge International AS & A Level Physics (9702) 9702/35 2020 October/November question paper,normalized
cambridge-international,ial,physics,9702,2020-11,9702/35,5,ms,https://www.physicsandmathstutor.com/past-papers/a-level-physics/,https://pmt.physicsandmathstutor.com/download/Physics/A-level/Past-Papers/CAIE/Paper-3/MS/November%202020%20(v5)%20MS.pdf,Cambridge International AS & A Level Cambridge International AS & A Level Physics (9702) 9702/35 2020 October/November mark scheme,normalized
cambridge-international,ial,physics,9702,2020-11,9702/36,6,qp,https://www.physicsandmathstutor.com/past-papers/a-level-physics/,https://pmt.physicsandmathstutor.com/download/Physics/A-level/Past-Papers/CAIE/Paper-3/QP/November%202020%20(v6)%20QP.pdf,Cambridge International AS & A Level Cambridge International AS & A Level Physics (9702) 9702/36 2020 October/November question paper,normalized
cambridge-international,ial,physics,9702,2020-11,9702/36,6,ms,https://www.physicsandmathstutor.com/past-papers/a-level-physics/,https://pmt.physicsandmathstutor.com/download/Physics/A-level/Past-Papers/CAIE/Paper-3/MS/November%202020%20(v6)%20MS.pdf,Cambridge International AS & A Level Cambridge International AS & A Level Physics (9702) 9702/36 2020 October/November mark scheme,normalized
cambridge-international,ial,physics,9702,2020-11,9702/41,1,qp,https://www.physicsandmathstutor.com/past-papers/a-level-physics/,https://pmt.physicsandmathstutor.com/download/Physics/A-level/Past-Papers/CAIE/Paper-4/QP/November%202020%20(v1)%20QP.pdf,Cambridge International AS & A Level Cambridge International AS & A Level Physics (9702) 9702/41 2020 October/November question paper,normalized
cambridge-international,ial,physics,9702,2020-11,9702/41,1,ms,https://www.physicsandmathstutor.com/past-papers/a-level-physics/,https://pmt.physicsandmathstutor.com/download/Physics/A-level/Past-Papers/CAIE/Paper-4/MS/November%202020%20(v1)%20MS.pdf,Cambridge International AS & A Level Cambridge International AS & A Level Physics (9702) 9702/41 2020 October/November mark scheme,normalized
cambridge-international,ial,physics,9702,2020-11,9702/42,2,qp,https://www.physicsandmathstutor.com/past-papers/a-level-physics/,https://pmt.physicsandmathstutor.com/download/Physics/A-level/Past-Papers/CAIE/Paper-4/QP/November%202020%20(v2)%20QP.pdf,Cambridge International AS & A Level Cambridge International AS & A Level Physics (9702) 9702/42 2020 October/November question paper,normalized
cambridge-international,ial,physics,9702,2020-11,9702/42,2,ms,https://www.physicsandmathstutor.com/past-papers/a-level-physics/,https://pmt.physicsandmathstutor.com/download/Physics/A-level/Past-Papers/CAIE/Paper-4/MS/November%202020%20(v2)%20MS.pdf,Cambridge International AS & A Level Cambridge International AS & A Level Physics (9702) 9702/42 2020 October/November mark scheme,normalized
cambridge-international,ial,physics,9702,2020-11,9702/43,3,qp,https://www.physicsandmathstutor.com/past-papers/a-level-physics/,https://pmt.physicsandmathstutor.com/download/Physics/A-level/Past-Papers/CAIE/Paper-4/QP/November%202020%20(v3)%20QP.pdf,Cambridge International AS & A Level Cambridge International AS & A Level Physics (9702) 9702/43 2020 October/November question paper,normalized
cambridge-international,ial,physics,9702,2020-11,9702/43,3,ms,https://www.physicsandmathstutor.com/past-papers/a-level-physics/,https://pmt.physicsandmathstutor.com/download/Physics/A-level/Past-Papers/CAIE/Paper-4/MS/November%202020%20(v3)%20MS.pdf,Cambridge International AS & A Level Cambridge International AS & A Level Physics (9702) 9702/43 2020 October/November mark scheme,normalized
cambridge-international,ial,physics,9702,2020-11,9702/51,1,qp,https://www.physicsandmathstutor.com/past-papers/a-level-physics/,https://pmt.physicsandmathstutor.com/download/Physics/A-level/Past-Papers/CAIE/Paper-5/QP/November%202020%20(v1)%20QP.pdf,Cambridge International AS & A Level Cambridge International AS & A Level Physics (9702) 9702/51 2020 October/November question paper,normalized
cambridge-international,ial,physics,9702,2020-11,9702/51,1,ms,https://www.physicsandmathstutor.com/past-papers/a-level-physics/,https://pmt.physicsandmathstutor.com/download/Physics/A-level/Past-Papers/CAIE/Paper-5/MS/November%202020%20(v1)%20MS.pdf,Cambridge International AS & A Level Cambridge International AS & A Level Physics (9702) 9702/51 2020 October/November mark scheme,normalized
cambridge-international,ial,physics,9702,2020-11,9702/52,2,qp,https://www.physicsandmathstutor.com/past-papers/a-level-physics/,https://pmt.physicsandmathstutor.com/download/Physics/A-level/Past-Papers/CAIE/Paper-5/QP/November%202020%20(v2)%20QP.pdf,Cambridge International AS & A Level Cambridge International AS & A Level Physics (9702) 9702/52 2020 October/November question paper,normalized
cambridge-international,ial,physics,9702,2020-11,9702/52,2,ms,https://www.physicsandmathstutor.com/past-papers/a-level-physics/,https://pmt.physicsandmathstutor.com/download/Physics/A-level/Past-Papers/CAIE/Paper-5/MS/November%202020%20(v2)%20MS.pdf,Cambridge International AS & A Level Cambridge International AS & A Level Physics (9702) 9702/52 2020 October/November mark scheme,normalized
cambridge-international,ial,physics,9702,2020-11,9702/53,3,qp,https://www.physicsandmathstutor.com/past-papers/a-level-physics/,https://pmt.physicsandmathstutor.com/download/Physics/A-level/Past-Papers/CAIE/Paper-5/QP/November%202020%20(v3)%20QP.pdf,Cambridge International AS & A Level Cambridge International AS & A Level Physics (9702) 9702/53 2020 October/November question paper,normalized
cambridge-international,ial,physics,9702,2020-11,9702/53,3,ms,https://www.physicsandmathstutor.com/past-papers/a-level-physics/,https://pmt.physicsandmathstutor.com/download/Physics/A-level/Past-Papers/CAIE/Paper-5/MS/November%202020%20(v3)%20MS.pdf,Cambridge International AS & A Level Cambridge International AS & A Level Physics (9702) 9702/53 2020 October/November mark scheme,normalized
cambridge-international,ial,physics,9702,2021-03,9702/12,2,qp,https://www.physicsandmathstutor.com/past-papers/a-level-physics/,https://pmt.physicsandmathstutor.com/download/Physics/A-level/Past-Papers/CAIE/Paper-1/QP/March%202021%20(v2)%20QP.pdf,Cambridge International AS & A Level Cambridge International AS & A Level Physics (9702) 9702/12 2021 February/March question paper,normalized
cambridge-international,ial,physics,9702,2021-03,9702/12,2,ms,https://www.physicsandmathstutor.com/past-papers/a-level-physics/,https://pmt.physicsandmathstutor.com/download/Physics/A-level/Past-Papers/CAIE/Paper-1/MS/March%202021%20(v2)%20MS.pdf,Cambridge International AS & A Level Cambridge International AS & A Level Physics (9702) 9702/12 2021 February/March mark scheme,normalized
cambridge-international,ial,physics,9702,2021-03,9702/22,2,qp,https://www.physicsandmathstutor.com/past-papers/a-level-physics/,https://pmt.physicsandmathstutor.com/download/Physics/A-level/Past-Papers/CAIE/Paper-2/QP/March%202021%20(v2)%20QP.pdf,Cambridge International AS & A Level Cambridge International AS & A Level Physics (9702) 9702/22 2021 February/March question paper,normalized
cambridge-international,ial,physics,9702,2021-03,9702/22,2,ms,https://www.physicsandmathstutor.com/past-papers/a-level-physics/,https://pmt.physicsandmathstutor.com/download/Physics/A-level/Past-Papers/CAIE/Paper-2/MS/March%202021%20(v2)%20MS.pdf,Cambridge International AS & A Level Cambridge International AS & A Level Physics (9702) 9702/22 2021 February/March mark scheme,normalized
cambridge-international,ial,physics,9702,2021-03,9702/33,3,qp,https://www.physicsandmathstutor.com/past-papers/a-level-physics/,https://pmt.physicsandmathstutor.com/download/Physics/A-level/Past-Papers/CAIE/Paper-3/QP/March%202021%20(v3)%20QP.pdf,Cambridge International AS & A Level Cambridge International AS & A Level Physics (9702) 9702/33 2021 February/March question paper,normalized
cambridge-international,ial,physics,9702,2021-03,9702/33,3,ms,https://www.physicsandmathstutor.com/past-papers/a-level-physics/,https://pmt.physicsandmathstutor.com/download/Physics/A-level/Past-Papers/CAIE/Paper-3/MS/March%202021%20(v3)%20MS.pdf,Cambridge International AS & A Level Cambridge International AS & A Level Physics (9702) 9702/33 2021 February/March mark scheme,normalized
cambridge-international,ial,physics,9702,2021-03,9702/42,2,qp,https://www.physicsandmathstutor.com/past-papers/a-level-physics/,https://pmt.physicsandmathstutor.com/download/Physics/A-level/Past-Papers/CAIE/Paper-4/QP/March%202021%20(v2)%20QP.pdf,Cambridge International AS & A Level Cambridge International AS & A Level Physics (9702) 9702/42 2021 February/March question paper,normalized
cambridge-international,ial,physics,9702,2021-03,9702/42,2,ms,https://www.physicsandmathstutor.com/past-papers/a-level-physics/,https://pmt.physicsandmathstutor.com/download/Physics/A-level/Past-Papers/CAIE/Paper-4/MS/March%202021%20(v2)%20MS.pdf,Cambridge International AS & A Level Cambridge International AS & A Level Physics (9702) 9702/42 2021 February/March mark scheme,normalized
cambridge-international,ial,physics,9702,2021-03,9702/52,2,qp,https://www.physicsandmathstutor.com/past-papers/a-level-physics/,https://pmt.physicsandmathstutor.com/download/Physics/A-level/Past-Papers/CAIE/Paper-5/QP/March%202021%20(v2)%20QP.pdf,Cambridge International AS & A Level Cambridge International AS & A Level Physics (9702) 9702/52 2021 February/March question paper,normalized
cambridge-international,ial,physics,9702,2021-03,9702/52,2,ms,https://www.physicsandmathstutor.com/past-papers/a-level-physics/,https://pmt.physicsandmathstutor.com/download/Physics/A-level/Past-Papers/CAIE/Paper-5/MS/March%202021%20(v2)%20MS.pdf,Cambridge International AS & A Level Cambridge International AS & A Level Physics (9702) 9702/52 2021 February/March mark scheme,normalized
cambridge-international,ial,physics,9702,2021-06,9702/11,1,qp,https://www.physicsandmathstutor.com/past-papers/a-level-physics/,https://pmt.physicsandmathstutor.com/download/Physics/A-level/Past-Papers/CAIE/Paper-1/QP/June%202021%20(v1)%20QP.pdf,Cambridge International AS & A Level Cambridge International AS & A Level Physics (9702) 9702/11 2021 May/June question paper,normalized
cambridge-international,ial,physics,9702,2021-06,9702/11,1,ms,https://www.physicsandmathstutor.com/past-papers/a-level-physics/,https://pmt.physicsandmathstutor.com/download/Physics/A-level/Past-Papers/CAIE/Paper-1/MS/June%202021%20(v1)%20MS.pdf,Cambridge International AS & A Level Cambridge International AS & A Level Physics (9702) 9702/11 2021 May/June mark scheme,normalized
cambridge-international,ial,physics,9702,2021-06,9702/51,1,qp,https://www.physicsandmathstutor.com/past-papers/a-level-physics/,https://pmt.physicsandmathstutor.com/download/Physics/A-level/Past-Papers/CAIE/Paper-5/QP/June%202021%20(v1)%20QP.pdf,Cambridge International AS & A Level Cambridge International AS & A Level Physics (9702) 9702/51 2021 May/June question paper,normalized
cambridge-international,ial,physics,9702,2021-06,9702/51,1,ms,https://www.physicsandmathstutor.com/past-papers/a-level-physics/,https://pmt.physicsandmathstutor.com/download/Physics/A-level/Past-Papers/CAIE/Paper-5/MS/June%202021%20(v1)%20MS.pdf,Cambridge International AS & A Level Cambridge International AS & A Level Physics (9702) 9702/51 2021 May/June mark scheme,normalized
cambridge-international,ial,physics,9702,2021-06,9702/53,3,qp,https://www.physicsandmathstutor.com/past-papers/a-level-physics/,https://pmt.physicsandmathstutor.com/download/Physics/A-level/Past-Papers/CAIE/Paper-5/QP/June%202021%20(v3)%20QP.pdf,Cambridge International AS & A Level Cambridge International AS & A Level Physics (9702) 9702/53 2021 May/June question paper,normalized
cambridge-international,ial,physics,9702,2021-06,9702/53,3,ms,https://www.physicsandmathstutor.com/past-papers/a-level-physics/,https://pmt.physicsandmathstutor.com/download/Physics/A-level/Past-Papers/CAIE/Paper-5/MS/June%202021%20(v3)%20MS.pdf,Cambridge International AS & A Level Cambridge International AS & A Level Physics (9702) 9702/53 2021 May/June mark scheme,normalized
cambridge-international,ial,physics,9702,2021-11,9702/11,1,qp,https://www.physicsandmathstutor.com/past-papers/a-level-physics/,https://pmt.physicsandmathstutor.com/download/Physics/A-level/Past-Papers/CAIE/Paper-1/QP/November%202021%20(v1)%20QP.pdf,Cambridge International AS & A Level Cambridge International AS & A Level Physics (9702) 9702/11 2021 October/November question paper,normalized
cambridge-international,ial,physics,9702,2021-11,9702/11,1,ms,https://www.physicsandmathstutor.com/past-papers/a-level-physics/,https://pmt.physicsandmathstutor.com/download/Physics/A-level/Past-Papers/CAIE/Paper-1/MS/November%202021%20(v1)%20MS.pdf,Cambridge International AS & A Level Cambridge International AS & A Level Physics (9702) 9702/11 2021 October/November mark scheme,normalized
cambridge-international,ial,physics,9702,2021-11,9702/36,6,qp,https://www.physicsandmathstutor.com/past-papers/a-level-physics/,https://pmt.physicsandmathstutor.com/download/Physics/A-level/Past-Papers/CAIE/Paper-3/QP/November%202021%20(v6)%20QP.pdf,Cambridge International AS & A Level Cambridge International AS & A Level Physics (9702) 9702/36 2021 October/November question paper,normalized
cambridge-international,ial,physics,9702,2021-11,9702/36,6,ms,https://www.physicsandmathstutor.com/past-papers/a-level-physics/,https://pmt.physicsandmathstutor.com/download/Physics/A-level/Past-Papers/CAIE/Paper-3/MS/November%202021%20(v6)%20MS.pdf,Cambridge International AS & A Level Cambridge International AS & A Level Physics (9702) 9702/36 2021 October/November mark scheme,normalized
cambridge-international,ial,physics,9702,2021-11,9702/51,1,qp,https://www.physicsandmathstutor.com/past-papers/a-level-physics/,https://pmt.physicsandmathstutor.com/download/Physics/A-level/Past-Papers/CAIE/Paper-5/QP/November%202021%20(v1)%20QP.pdf,Cambridge International AS & A Level Cambridge International AS & A Level Physics (9702) 9702/51 2021 October/November question paper,normalized
cambridge-international,ial,physics,9702,2021-11,9702/51,1,ms,https://www.physicsandmathstutor.com/past-papers/a-level-physics/,https://pmt.physicsandmathstutor.com/download/Physics/A-level/Past-Papers/CAIE/Paper-5/MS/November%202021%20(v1)%20MS.pdf,Cambridge International AS & A Level Cambridge International AS & A Level Physics (9702) 9702/51 2021 October/November mark scheme,normalized
cambridge-international,ial,physics,9702,2021-11,9702/53,3,qp,https://www.physicsandmathstutor.com/past-papers/a-level-physics/,https://pmt.physicsandmathstutor.com/download/Physics/A-level/Past-Papers/CAIE/Paper-5/QP/November%202021%20(v3)%20QP.pdf,Cambridge International AS & A Level Cambridge International AS & A Level Physics (9702) 9702/53 2021 October/November question paper,normalized
cambridge-international,ial,physics,9702,2021-11,9702/53,3,ms,https://www.physicsandmathstutor.com/past-papers/a-level-physics/,https://pmt.physicsandmathstutor.com/download/Physics/A-level/Past-Papers/CAIE/Paper-5/MS/November%202021%20(v3)%20MS.pdf,Cambridge International AS & A Level Cambridge International AS & A Level Physics (9702) 9702/53 2021 October/November mark scheme,normalized
cambridge-international,ial,physics,9702,2022-03,9702/12,2,qp,https://www.physicsandmathstutor.com/past-papers/a-level-physics/,https://pmt.physicsandmathstutor.com/download/Physics/A-level/Past-Papers/CAIE/Paper-1/QP/March%202022%20(v2)%20QP.pdf,Cambridge International AS & A Level Cambridge International AS & A Level Physics (9702) 9702/12 2022 February/March question paper,normalized
cambridge-international,ial,physics,9702,2022-03,9702/12,2,ms,https://www.physicsandmathstutor.com/past-papers/a-level-physics/,https://pmt.physicsandmathstutor.com/download/Physics/A-level/Past-Papers/CAIE/Paper-1/MS/March%202022%20(v2)%20MS.pdf,Cambridge International AS & A Level Cambridge International AS & A Level Physics (9702) 9702/12 2022 February/March mark scheme,normalized
cambridge-international,ial,physics,9702,2022-03,9702/22,2,qp,https://www.physicsandmathstutor.com/past-papers/a-level-physics/,https://pmt.physicsandmathstutor.com/download/Physics/A-level/Past-Papers/CAIE/Paper-2/QP/March%202022%20(v2)%20QP.pdf,Cambridge International AS & A Level Cambridge International AS & A Level Physics (9702) 9702/22 2022 February/March question paper,normalized
cambridge-international,ial,physics,9702,2022-03,9702/22,2,ms,https://www.physicsandmathstutor.com/past-papers/a-level-physics/,https://pmt.physicsandmathstutor.com/download/Physics/A-level/Past-Papers/CAIE/Paper-2/MS/March%202022%20(v2)%20MS.pdf,Cambridge International AS & A Level Cambridge International AS & A Level Physics (9702) 9702/22 2022 February/March mark scheme,normalized
cambridge-international,ial,physics,9702,2022-03,9702/33,3,qp,https://www.physicsandmathstutor.com/past-papers/a-level-physics/,https://pmt.physicsandmathstutor.com/download/Physics/A-level/Past-Papers/CAIE/Paper-3/QP/March%202022%20(v3)%20QP.pdf,Cambridge International AS & A Level Cambridge International AS & A Level Physics (9702) 9702/33 2022 February/March question paper,normalized
cambridge-international,ial,physics,9702,2022-03,9702/33,3,ms,https://www.physicsandmathstutor.com/past-papers/a-level-physics/,https://pmt.physicsandmathstutor.com/download/Physics/A-level/Past-Papers/CAIE/Paper-3/MS/March%202022%20(v3)%20MS.pdf,Cambridge International AS & A Level Cambridge International AS & A Level Physics (9702) 9702/33 2022 February/March mark scheme,normalized
cambridge-international,ial,physics,9702,2022-03,9702/42,2,qp,https://www.physicsandmathstutor.com/past-papers/a-level-physics/,https://pmt.physicsandmathstutor.com/download/Physics/A-level/Past-Papers/CAIE/Paper-4/QP/March%202022%20(v2)%20QP.pdf,Cambridge International AS & A Level Cambridge International AS & A Level Physics (9702) 9702/42 2022 February/March question paper,normalized
cambridge-international,ial,physics,9702,2022-03,9702/42,2,ms,https://www.physicsandmathstutor.com/past-papers/a-level-physics/,https://pmt.physicsandmathstutor.com/download/Physics/A-level/Past-Papers/CAIE/Paper-4/MS/March%202022%20(v2)%20MS.pdf,Cambridge International AS & A Level Cambridge International AS & A Level Physics (9702) 9702/42 2022 February/March mark scheme,normalized
cambridge-international,ial,physics,9702,2022-03,9702/52,2,qp,https://www.physicsandmathstutor.com/past-papers/a-level-physics/,https://pmt.physicsandmathstutor.com/download/Physics/A-level/Past-Papers/CAIE/Paper-5/QP/March%202022%20(v2)%20QP.pdf,Cambridge International AS & A Level Cambridge International AS & A Level Physics (9702) 9702/52 2022 February/March question paper,normalized
cambridge-international,ial,physics,9702,2022-03,9702/52,2,ms,https://www.physicsandmathstutor.com/past-papers/a-level-physics/,https://pmt.physicsandmathstutor.com/download/Physics/A-level/Past-Papers/CAIE/Paper-5/MS/March%202022%20(v2)%20MS.pdf,Cambridge International AS & A Level Cambridge International AS & A Level Physics (9702) 9702/52 2022 February/March mark scheme,normalized
cambridge-international,ial,physics,9702,2022-06,9702/11,1,qp,https://www.physicsandmathstutor.com/past-papers/a-level-physics/,https://pmt.physicsandmathstutor.com/download/Physics/A-level/Past-Papers/CAIE/Paper-1/QP/June%202022%20(v1)%20QP.pdf,Cambridge International AS & A Level Cambridge International AS & A Level Physics (9702) 9702/11 2022 May/June question paper,normalized
cambridge-international,ial,physics,9702,2022-06,9702/11,1,ms,https://www.physicsandmathstutor.com/past-papers/a-level-physics/,https://pmt.physicsandmathstutor.com/download/Physics/A-level/Past-Papers/CAIE/Paper-1/MS/June%202022%20(v1)%20MS.pdf,Cambridge International AS & A Level Cambridge International AS & A Level Physics (9702) 9702/11 2022 May/June mark scheme,normalized
cambridge-international,ial,physics,9702,2022-06,9702/51,1,qp,https://www.physicsandmathstutor.com/past-papers/a-level-physics/,https://pmt.physicsandmathstutor.com/download/Physics/A-level/Past-Papers/CAIE/Paper-5/QP/June%202022%20(v1)%20QP.pdf,Cambridge International AS & A Level Cambridge International AS & A Level Physics (9702) 9702/51 2022 May/June question paper,normalized
cambridge-international,ial,physics,9702,2022-06,9702/51,1,ms,https://www.physicsandmathstutor.com/past-papers/a-level-physics/,https://pmt.physicsandmathstutor.com/download/Physics/A-level/Past-Papers/CAIE/Paper-5/MS/June%202022%20(v1)%20MS.pdf,Cambridge International AS & A Level Cambridge International AS & A Level Physics (9702) 9702/51 2022 May/June mark scheme,normalized
cambridge-international,ial,physics,9702,2022-06,9702/53,3,qp,https://www.physicsandmathstutor.com/past-papers/a-level-physics/,https://pmt.physicsandmathstutor.com/download/Physics/A-level/Past-Papers/CAIE/Paper-5/QP/June%202022%20(v3)%20QP.pdf,Cambridge International AS & A Level Cambridge International AS & A Level Physics (9702) 9702/53 2022 May/June question paper,normalized
cambridge-international,ial,physics,9702,2022-06,9702/53,3,ms,https://www.physicsandmathstutor.com/past-papers/a-level-physics/,https://pmt.physicsandmathstutor.com/download/Physics/A-level/Past-Papers/CAIE/Paper-5/MS/June%202022%20(v3)%20MS.pdf,Cambridge International AS & A Level Cambridge International AS & A Level Physics (9702) 9702/53 2022 May/June mark scheme,normalized
cambridge-international,ial,physics,9702,2022-11,9702/11,1,qp,https://www.physicsandmathstutor.com/past-papers/a-level-physics/,https://pmt.physicsandmathstutor.com/download/Physics/A-level/Past-Papers/CAIE/Paper-1/QP/November%202022%20(v1)%20QP.pdf,Cambridge International AS & A Level Cambridge International AS & A Level Physics (9702) 9702/11 2022 October/November question paper,normalized
cambridge-international,ial,physics,9702,2022-11,9702/11,1,ms,https://www.physicsandmathstutor.com/past-papers/a-level-physics/,https://pmt.physicsandmathstutor.com/download/Physics/A-level/Past-Papers/CAIE/Paper-1/MS/November%202022%20(v1)%20MS.pdf,Cambridge International AS & A Level Cambridge International AS & A Level Physics (9702) 9702/11 2022 October/November mark scheme,normalized
cambridge-international,ial,physics,9702,2022-11,9702/36,6,qp,https://www.physicsandmathstutor.com/past-papers/a-level-physics/,https://pmt.physicsandmathstutor.com/download/Physics/A-level/Past-Papers/CAIE/Paper-3/QP/November%202022%20(v6)%20QP.pdf,Cambridge International AS & A Level Cambridge International AS & A Level Physics (9702) 9702/36 2022 October/November question paper,normalized
cambridge-international,ial,physics,9702,2022-11,9702/36,6,ms,https://www.physicsandmathstutor.com/past-papers/a-level-physics/,https://pmt.physicsandmathstutor.com/download/Physics/A-level/Past-Papers/CAIE/Paper-3/MS/November%202022%20(v6)%20MS.pdf,Cambridge International AS & A Level Cambridge International AS & A Level Physics (9702) 9702/36 2022 October/November mark scheme,normalized
cambridge-international,ial,physics,9702,2022-11,9702/51,1,qp,https://www.physicsandmathstutor.com/past-papers/a-level-physics/,https://pmt.physicsandmathstutor.com/download/Physics/A-level/Past-Papers/CAIE/Paper-5/QP/November%202022%20(v1)%20QP.pdf,Cambridge International AS & A Level Cambridge International AS & A Level Physics (9702) 9702/51 2022 October/November question paper,normalized
cambridge-international,ial,physics,9702,2022-11,9702/51,1,ms,https://www.physicsandmathstutor.com/past-papers/a-level-physics/,https://pmt.physicsandmathstutor.com/download/Physics/A-level/Past-Papers/CAIE/Paper-5/MS/November%202022%20(v1)%20MS.pdf,Cambridge International AS & A Level Cambridge International AS & A Level Physics (9702) 9702/51 2022 October/November mark scheme,normalized
cambridge-international,ial,physics,9702,2022-11,9702/53,3,qp,https://www.physicsandmathstutor.com/past-papers/a-level-physics/,https://pmt.physicsandmathstutor.com/download/Physics/A-level/Past-Papers/CAIE/Paper-5/QP/November%202022%20(v3)%20QP.pdf,Cambridge International AS & A Level Cambridge International AS & A Level Physics (9702) 9702/53 2022 October/November question paper,normalized
cambridge-international,ial,physics,9702,2022-11,9702/53,3,ms,https://www.physicsandmathstutor.com/past-papers/a-level-physics/,https://pmt.physicsandmathstutor.com/download/Physics/A-level/Past-Papers/CAIE/Paper-5/MS/November%202022%20(v3)%20MS.pdf,Cambridge International AS & A Level Cambridge International AS & A Level Physics (9702) 9702/53 2022 October/November mark scheme,normalized
cambridge-international,ial,physics,9702,2023-03,9702/12,2,qp,https://www.physicsandmathstutor.com/past-papers/a-level-physics/,https://pmt.physicsandmathstutor.com/download/Physics/A-level/Past-Papers/CAIE/Paper-1/QP/March%202023%20(v2)%20QP.pdf,Cambridge International AS & A Level Cambridge International AS & A Level Physics (9702) 9702/12 2023 February/March question paper,normalized
cambridge-international,ial,physics,9702,2023-03,9702/12,2,ms,https://www.physicsandmathstutor.com/past-papers/a-level-physics/,https://pmt.physicsandmathstutor.com/download/Physics/A-level/Past-Papers/CAIE/Paper-1/MS/March%202023%20(v2)%20MS.pdf,Cambridge International AS & A Level Cambridge International AS & A Level Physics (9702) 9702/12 2023 February/March mark scheme,normalized
cambridge-international,ial,physics,9702,2023-03,9702/22,2,qp,https://www.physicsandmathstutor.com/past-papers/a-level-physics/,https://pmt.physicsandmathstutor.com/download/Physics/A-level/Past-Papers/CAIE/Paper-2/QP/March%202023%20(v2)%20QP.pdf,Cambridge International AS & A Level Cambridge International AS & A Level Physics (9702) 9702/22 2023 February/March question paper,normalized
cambridge-international,ial,physics,9702,2023-03,9702/22,2,ms,https://www.physicsandmathstutor.com/past-papers/a-level-physics/,https://pmt.physicsandmathstutor.com/download/Physics/A-level/Past-Papers/CAIE/Paper-2/MS/March%202023%20(v2)%20MS.pdf,Cambridge International AS & A Level Cambridge International AS & A Level Physics (9702) 9702/22 2023 February/March mark scheme,normalized
cambridge-international,ial,physics,9702,2023-03,9702/33,3,qp,https://www.physicsandmathstutor.com/past-papers/a-level-physics/,https://pmt.physicsandmathstutor.com/download/Physics/A-level/Past-Papers/CAIE/Paper-3/QP/March%202023%20(v3)%20QP.pdf,Cambridge International AS & A Level Cambridge International AS & A Level Physics (9702) 9702/33 2023 February/March question paper,normalized
cambridge-international,ial,physics,9702,2023-03,9702/33,3,ms,https://www.physicsandmathstutor.com/past-papers/a-level-physics/,https://pmt.physicsandmathstutor.com/download/Physics/A-level/Past-Papers/CAIE/Paper-3/MS/March%202023%20(v3)%20MS.pdf,Cambridge International AS & A Level Cambridge International AS & A Level Physics (9702) 9702/33 2023 February/March mark scheme,normalized
cambridge-international,ial,physics,9702,2023-03,9702/42,2,qp,https://www.physicsandmathstutor.com/past-papers/a-level-physics/,https://pmt.physicsandmathstutor.com/download/Physics/A-level/Past-Papers/CAIE/Paper-4/QP/March%202023%20(v2)%20QP.pdf,Cambridge International AS & A Level Cambridge International AS & A Level Physics (9702) 9702/42 2023 February/March question paper,normalized
cambridge-international,ial,physics,9702,2023-03,9702/42,2,ms,https://www.physicsandmathstutor.com/past-papers/a-level-physics/,https://pmt.physicsandmathstutor.com/download/Physics/A-level/Past-Papers/CAIE/Paper-4/MS/March%202023%20(v2)%20MS.pdf,Cambridge International AS & A Level Cambridge International AS & A Level Physics (9702) 9702/42 2023 February/March mark scheme,normalized
cambridge-international,ial,physics,9702,2023-03,9702/52,2,qp,https://www.physicsandmathstutor.com/past-papers/a-level-physics/,https://pmt.physicsandmathstutor.com/download/Physics/A-level/Past-Papers/CAIE/Paper-5/QP/March%202023%20(v2)%20QP.pdf,Cambridge International AS & A Level Cambridge International AS & A Level Physics (9702) 9702/52 2023 February/March question paper,normalized
cambridge-international,ial,physics,9702,2023-03,9702/52,2,ms,https://www.physicsandmathstutor.com/past-papers/a-level-physics/,https://pmt.physicsandmathstutor.com/download/Physics/A-level/Past-Papers/CAIE/Paper-5/MS/March%202023%20(v2)%20MS.pdf,Cambridge International AS & A Level Cambridge International AS & A Level Physics (9702) 9702/52 2023 February/March mark scheme,normalized
cambridge-international,ial,physics,9702,2023-06,9702/11,1,qp,https://www.physicsandmathstutor.com/past-papers/a-level-physics/,https://pmt.physicsandmathstutor.com/download/Physics/A-level/Past-Papers/CAIE/Paper-1/QP/June%202023%20(v1)%20QP.pdf,Cambridge International AS & A Level Cambridge International AS & A Level Physics (9702) 9702/11 2023 May/June question paper,normalized
cambridge-international,ial,physics,9702,2023-06,9702/11,1,ms,https://www.physicsandmathstutor.com/past-papers/a-level-physics/,https://pmt.physicsandmathstutor.com/download/Physics/A-level/Past-Papers/CAIE/Paper-1/MS/June%202023%20(v1)%20MS.pdf,Cambridge International AS & A Level Cambridge International AS & A Level Physics (9702) 9702/11 2023 May/June mark scheme,normalized
cambridge-international,ial,physics,9702,2023-06,9702/51,1,qp,https://www.physicsandmathstutor.com/past-papers/a-level-physics/,https://pmt.physicsandmathstutor.com/download/Physics/A-level/Past-Papers/CAIE/Paper-5/QP/June%202023%20(v1)%20QP.pdf,Cambridge International AS & A Level Cambridge International AS & A Level Physics (9702) 9702/51 2023 May/June question paper,normalized
cambridge-international,ial,physics,9702,2023-06,9702/51,1,ms,https://www.physicsandmathstutor.com/past-papers/a-level-physics/,https://pmt.physicsandmathstutor.com/download/Physics/A-level/Past-Papers/CAIE/Paper-5/MS/June%202023%20(v1)%20MS.pdf,Cambridge International AS & A Level Cambridge International AS & A Level Physics (9702) 9702/51 2023 May/June mark scheme,normalized
cambridge-international,ial,physics,9702,2023-06,9702/53,3,qp,https://www.physicsandmathstutor.com/past-papers/a-level-physics/,https://pmt.physicsandmathstutor.com/download/Physics/A-level/Past-Papers/CAIE/Paper-5/QP/June%202023%20(v3)%20QP.pdf,Cambridge International AS & A Level Cambridge International AS & A Level Physics (9702) 9702/53 2023 May/June question paper,normalized
cambridge-international,ial,physics,9702,2023-06,9702/53,3,ms,https://www.physicsandmathstutor.com/past-papers/a-level-physics/,https://pmt.physicsandmathstutor.com/download/Physics/A-level/Past-Papers/CAIE/Paper-5/MS/June%202023%20(v3)%20MS.pdf,Cambridge International AS & A Level Cambridge International AS & A Level Physics (9702) 9702/53 2023 May/June mark scheme,normalized
cambridge-international,ial,physics,9702,2023-11,9702/11,1,qp,https://www.physicsandmathstutor.com/past-papers/a-level-physics/,https://pmt.physicsandmathstutor.com/download/Physics/A-level/Past-Papers/CAIE/Paper-1/QP/November%202023%20(v1)%20QP.pdf,Cambridge International AS & A Level Cambridge International AS & A Level Physics (9702) 9702/11 2023 October/November question paper,normalized
cambridge-international,ial,physics,9702,2023-11,9702/11,1,ms,https://www.physicsandmathstutor.com/past-papers/a-level-physics/,https://pmt.physicsandmathstutor.com/download/Physics/A-level/Past-Papers/CAIE/Paper-1/MS/November%202023%20(v1)%20MS.pdf,Cambridge International AS & A Level Cambridge International AS & A Level Physics (9702) 9702/11 2023 October/November mark scheme,normalized
cambridge-international,ial,physics,9702,2023-11,9702/36,6,qp,https://www.physicsandmathstutor.com/past-papers/a-level-physics/,https://pmt.physicsandmathstutor.com/download/Physics/A-level/Past-Papers/CAIE/Paper-3/QP/November%202023%20(v6)%20QP.pdf,Cambridge International AS & A Level Cambridge International AS & A Level Physics (9702) 9702/36 2023 October/November question paper,normalized
cambridge-international,ial,physics,9702,2023-11,9702/36,6,ms,https://www.physicsandmathstutor.com/past-papers/a-level-physics/,https://pmt.physicsandmathstutor.com/download/Physics/A-level/Past-Papers/CAIE/Paper-3/MS/November%202023%20(v6)%20MS.pdf,Cambridge International AS & A Level Cambridge International AS & A Level Physics (9702) 9702/36 2023 October/November mark scheme,normalized
cambridge-international,ial,physics,9702,2023-11,9702/51,1,qp,https://www.physicsandmathstutor.com/past-papers/a-level-physics/,https://pmt.physicsandmathstutor.com/download/Physics/A-level/Past-Papers/CAIE/Paper-5/QP/November%202023%20(v1)%20QP.pdf,Cambridge International AS & A Level Cambridge International AS & A Level Physics (9702) 9702/51 2023 October/November question paper,normalized
cambridge-international,ial,physics,9702,2023-11,9702/51,1,ms,https://www.physicsandmathstutor.com/past-papers/a-level-physics/,https://pmt.physicsandmathstutor.com/download/Physics/A-level/Past-Papers/CAIE/Paper-5/MS/November%202023%20(v1)%20MS.pdf,Cambridge International AS & A Level Cambridge International AS & A Level Physics (9702) 9702/51 2023 October/November mark scheme,normalized
cambridge-international,ial,physics,9702,2023-11,9702/53,3,qp,https://www.physicsandmathstutor.com/past-papers/a-level-physics/,https://pmt.physicsandmathstutor.com/download/Physics/A-level/Past-Papers/CAIE/Paper-5/QP/November%202023%20(v3)%20QP.pdf,Cambridge International AS & A Level Cambridge International AS & A Level Physics (9702) 9702/53 2023 October/November question paper,normalized
cambridge-international,ial,physics,9702,2023-11,9702/53,3,ms,https://www.physicsandmathstutor.com/past-papers/a-level-physics/,https://pmt.physicsandmathstutor.com/download/Physics/A-level/Past-Papers/CAIE/Paper-5/MS/November%202023%20(v3)%20MS.pdf,Cambridge International AS & A Level Cambridge International AS & A Level Physics (9702) 9702/53 2023 October/November mark scheme,normalized
cambridge-international,ial,physics,9702,2024-03,9702/12,2,qp,https://www.physicsandmathstutor.com/past-papers/a-level-physics/,https://pmt.physicsandmathstutor.com/download/Physics/A-level/Past-Papers/CAIE/Paper-1/QP/March%202024%20(v2)%20QP.pdf,Cambridge International AS & A Level Cambridge International AS & A Level Physics (9702) 9702/12 2024 February/March question paper,normalized
cambridge-international,ial,physics,9702,2024-03,9702/12,2,ms,https://www.physicsandmathstutor.com/past-papers/a-level-physics/,https://pmt.physicsandmathstutor.com/download/Physics/A-level/Past-Papers/CAIE/Paper-1/MS/March%202024%20(v2)%20MS.pdf,Cambridge International AS & A Level Cambridge International AS & A Level Physics (9702) 9702/12 2024 February/March mark scheme,normalized
cambridge-international,ial,physics,9702,2024-03,9702/22,2,qp,https://www.physicsandmathstutor.com/past-papers/a-level-physics/,https://pmt.physicsandmathstutor.com/download/Physics/A-level/Past-Papers/CAIE/Paper-2/QP/March%202024%20(v2)%20QP.pdf,Cambridge International AS & A Level Cambridge International AS & A Level Physics (9702) 9702/22 2024 February/March question paper,normalized
cambridge-international,ial,physics,9702,2024-03,9702/22,2,ms,https://www.physicsandmathstutor.com/past-papers/a-level-physics/,https://pmt.physicsandmathstutor.com/download/Physics/A-level/Past-Papers/CAIE/Paper-2/MS/March%202024%20(v2)%20MS.pdf,Cambridge International AS & A Level Cambridge International AS & A Level Physics (9702) 9702/22 2024 February/March mark scheme,normalized
cambridge-international,ial,physics,9702,2024-03,9702/33,3,qp,https://www.physicsandmathstutor.com/past-papers/a-level-physics/,https://pmt.physicsandmathstutor.com/download/Physics/A-level/Past-Papers/CAIE/Paper-3/QP/March%202024%20(v3)%20QP.pdf,Cambridge International AS & A Level Cambridge International AS & A Level Physics (9702) 9702/33 2024 February/March question paper,normalized
cambridge-international,ial,physics,9702,2024-03,9702/33,3,ms,https://www.physicsandmathstutor.com/past-papers/a-level-physics/,https://pmt.physicsandmathstutor.com/download/Physics/A-level/Past-Papers/CAIE/Paper-3/MS/March%202024%20(v3)%20MS.pdf,Cambridge International AS & A Level Cambridge International AS & A Level Physics (9702) 9702/33 2024 February/March mark scheme,normalized
cambridge-international,ial,physics,9702,2024-03,9702/42,2,qp,https://www.physicsandmathstutor.com/past-papers/a-level-physics/,https://pmt.physicsandmathstutor.com/download/Physics/A-level/Past-Papers/CAIE/Paper-4/QP/March%202024%20(v2)%20QP.pdf,Cambridge International AS & A Level Cambridge International AS & A Level Physics (9702) 9702/42 2024 February/March question paper,normalized
cambridge-international,ial,physics,9702,2024-03,9702/42,2,ms,https://www.physicsandmathstutor.com/past-papers/a-level-physics/,https://pmt.physicsandmathstutor.com/download/Physics/A-level/Past-Papers/CAIE/Paper-4/MS/March%202024%20(v2)%20MS.pdf,Cambridge International AS & A Level Cambridge International AS & A Level Physics (9702) 9702/42 2024 February/March mark scheme,normalized
cambridge-international,ial,physics,9702,2024-03,9702/52,2,qp,https://www.physicsandmathstutor.com/past-papers/a-level-physics/,https://pmt.physicsandmathstutor.com/download/Physics/A-level/Past-Papers/CAIE/Paper-5/QP/March%202024%20(v2)%20QP.pdf,Cambridge International AS & A Level Cambridge International AS & A Level Physics (9702) 9702/52 2024 February/March question paper,normalized
cambridge-international,ial,physics,9702,2024-03,9702/52,2,ms,https://www.physicsandmathstutor.com/past-papers/a-level-physics/,https://pmt.physicsandmathstutor.com/download/Physics/A-level/Past-Papers/CAIE/Paper-5/MS/March%202024%20(v2)%20MS.pdf,Cambridge International AS & A Level Cambridge International AS & A Level Physics (9702) 9702/52 2024 February/March mark scheme,normalized
cambridge-international,ial,physics,9702,2024-06,9702/11,1,qp,https://www.physicsandmathstutor.com/past-papers/a-level-physics/,https://pmt.physicsandmathstutor.com/download/Physics/A-level/Past-Papers/CAIE/Paper-1/QP/June%202024%20(v1)%20QP.pdf,Cambridge International AS & A Level Cambridge International AS & A Level Physics (9702) 9702/11 2024 May/June question paper,normalized
cambridge-international,ial,physics,9702,2024-06,9702/11,1,ms,https://www.physicsandmathstutor.com/past-papers/a-level-physics/,https://pmt.physicsandmathstutor.com/download/Physics/A-level/Past-Papers/CAIE/Paper-1/MS/June%202024%20(v1)%20MS.pdf,Cambridge International AS & A Level Cambridge International AS & A Level Physics (9702) 9702/11 2024 May/June mark scheme,normalized
cambridge-international,ial,physics,9702,2024-06,9702/51,1,qp,https://www.physicsandmathstutor.com/past-papers/a-level-physics/,https://pmt.physicsandmathstutor.com/download/Physics/A-level/Past-Papers/CAIE/Paper-5/QP/June%202024%20(v1)%20QP.pdf,Cambridge International AS & A Level Cambridge International AS & A Level Physics (9702) 9702/51 2024 May/June question paper,normalized
cambridge-international,ial,physics,9702,2024-06,9702/51,1,ms,https://www.physicsandmathstutor.com/past-papers/a-level-physics/,https://pmt.physicsandmathstutor.com/download/Physics/A-level/Past-Papers/CAIE/Paper-5/MS/June%202024%20(v1)%20MS.pdf,Cambridge International AS & A Level Cambridge International AS & A Level Physics (9702) 9702/51 2024 May/June mark scheme,normalized
cambridge-international,ial,physics,9702,2024-06,9702/53,3,qp,https://www.physicsandmathstutor.com/past-papers/a-level-physics/,https://pmt.physicsandmathstutor.com/download/Physics/A-level/Past-Papers/CAIE/Paper-5/QP/June%202024%20(v3)%20QP.pdf,Cambridge International AS & A Level Cambridge International AS & A Level Physics (9702) 9702/53 2024 May/June question paper,normalized
cambridge-international,ial,physics,9702,2024-06,9702/53,3,ms,https://www.physicsandmathstutor.com/past-papers/a-level-physics/,https://pmt.physicsandmathstutor.com/download/Physics/A-level/Past-Papers/CAIE/Paper-5/MS/June%202024%20(v3)%20MS.pdf,Cambridge International AS & A Level Cambridge International AS & A Level Physics (9702) 9702/53 2024 May/June mark scheme,normalized
cambridge-international,ial,physics,9702,2024-11,9702/11,1,qp,https://www.physicsandmathstutor.com/past-papers/a-level-physics/,https://pmt.physicsandmathstutor.com/download/Physics/A-level/Past-Papers/CAIE/Paper-1/QP/November%202024%20(v1)%20QP.pdf,Cambridge International AS & A Level Cambridge International AS & A Level Physics (9702) 9702/11 2024 October/November question paper,normalized
cambridge-international,ial,physics,9702,2024-11,9702/11,1,ms,https://www.physicsandmathstutor.com/past-papers/a-level-physics/,https://pmt.physicsandmathstutor.com/download/Physics/A-level/Past-Papers/CAIE/Paper-1/MS/November%202024%20(v1)%20MS.pdf,Cambridge International AS & A Level Cambridge International AS & A Level Physics (9702) 9702/11 2024 October/November mark scheme,normalized
cambridge-international,ial,physics,9702,2024-11,9702/36,6,qp,https://www.physicsandmathstutor.com/past-papers/a-level-physics/,https://pmt.physicsandmathstutor.com/download/Physics/A-level/Past-Papers/CAIE/Paper-3/QP/November%202024%20(v6)%20QP.pdf,Cambridge International AS & A Level Cambridge International AS & A Level Physics (9702) 9702/36 2024 October/November question paper,normalized
cambridge-international,ial,physics,9702,2024-11,9702/36,6,ms,https://www.physicsandmathstutor.com/past-papers/a-level-physics/,https://pmt.physicsandmathstutor.com/download/Physics/A-level/Past-Papers/CAIE/Paper-3/MS/November%202024%20(v6)%20MS.pdf,Cambridge International AS & A Level Cambridge International AS & A Level Physics (9702) 9702/36 2024 October/November mark scheme,normalized
cambridge-international,ial,physics,9702,2024-11,9702/51,1,qp,https://www.physicsandmathstutor.com/past-papers/a-level-physics/,https://pmt.physicsandmathstutor.com/download/Physics/A-level/Past-Papers/CAIE/Paper-5/QP/November%202024%20(v1)%20QP.pdf,Cambridge International AS & A Level Cambridge International AS & A Level Physics (9702) 9702/51 2024 October/November question paper,normalized
cambridge-international,ial,physics,9702,2024-11,9702/51,1,ms,https://www.physicsandmathstutor.com/past-papers/a-level-physics/,https://pmt.physicsandmathstutor.com/download/Physics/A-level/Past-Papers/CAIE/Paper-5/MS/November%202024%20(v1)%20MS.pdf,Cambridge International AS & A Level Cambridge International AS & A Level Physics (9702) 9702/51 2024 October/November mark scheme,normalized
cambridge-international,ial,physics,9702,2024-11,9702/53,3,qp,https://www.physicsandmathstutor.com/past-papers/a-level-physics/,https://pmt.physicsandmathstutor.com/download/Physics/A-level/Past-Papers/CAIE/Paper-5/QP/November%202024%20(v3)%20QP.pdf,Cambridge International AS & A Level Cambridge International AS & A Level Physics (9702) 9702/53 2024 October/November question paper,normalized
cambridge-international,ial,physics,9702,2024-11,9702/53,3,ms,https://www.physicsandmathstutor.com/past-papers/a-level-physics/,https://pmt.physicsandmathstutor.com/download/Physics/A-level/Past-Papers/CAIE/Paper-5/MS/November%202024%20(v3)%20MS.pdf,Cambridge International AS & A Level Cambridge International AS & A Level Physics (9702) 9702/53 2024 October/November mark scheme,normalized
cambridge-international,ial,physics,9702,2025-03,9702/12,2,qp,https://www.physicsandmathstutor.com/past-papers/a-level-physics/,https://pmt.physicsandmathstutor.com/download/Physics/A-level/Past-Papers/CAIE/Paper-1/QP/March%202025%20(v2)%20QP.pdf,Cambridge International AS & A Level Cambridge International AS & A Level Physics (9702) 9702/12 2025 February/March question paper,normalized
cambridge-international,ial,physics,9702,2025-03,9702/12,2,ms,https://www.physicsandmathstutor.com/past-papers/a-level-physics/,https://pmt.physicsandmathstutor.com/download/Physics/A-level/Past-Papers/CAIE/Paper-1/MS/March%202025%20(v2)%20MS.pdf,Cambridge International AS & A Level Cambridge International AS & A Level Physics (9702) 9702/12 2025 February/March mark scheme,normalized
cambridge-international,ial,physics,9702,2025-03,9702/22,2,qp,https://www.physicsandmathstutor.com/past-papers/a-level-physics/,https://pmt.physicsandmathstutor.com/download/Physics/A-level/Past-Papers/CAIE/Paper-2/QP/March%202025%20(v2)%20QP.pdf,Cambridge International AS & A Level Cambridge International AS & A Level Physics (9702) 9702/22 2025 February/March question paper,normalized
cambridge-international,ial,physics,9702,2025-03,9702/22,2,ms,https://www.physicsandmathstutor.com/past-papers/a-level-physics/,https://pmt.physicsandmathstutor.com/download/Physics/A-level/Past-Papers/CAIE/Paper-2/MS/March%202025%20(v2)%20MS.pdf,Cambridge International AS & A Level Cambridge International AS & A Level Physics (9702) 9702/22 2025 February/March mark scheme,normalized
cambridge-international,ial,physics,9702,2025-03,9702/33,3,qp,https://www.physicsandmathstutor.com/past-papers/a-level-physics/,https://pmt.physicsandmathstutor.com/download/Physics/A-level/Past-Papers/CAIE/Paper-3/QP/March%202025%20(v3)%20QP.pdf,Cambridge International AS & A Level Cambridge International AS & A Level Physics (9702) 9702/33 2025 February/March question paper,normalized
cambridge-international,ial,physics,9702,2025-03,9702/33,3,ms,https://www.physicsandmathstutor.com/past-papers/a-level-physics/,https://pmt.physicsandmathstutor.com/download/Physics/A-level/Past-Papers/CAIE/Paper-3/MS/March%202025%20(v3)%20MS.pdf,Cambridge International AS & A Level Cambridge International AS & A Level Physics (9702) 9702/33 2025 February/March mark scheme,normalized
cambridge-international,ial,physics,9702,2025-03,9702/42,2,qp,https://www.physicsandmathstutor.com/past-papers/a-level-physics/,https://pmt.physicsandmathstutor.com/download/Physics/A-level/Past-Papers/CAIE/Paper-4/QP/March%202025%20(v2)%20QP.pdf,Cambridge International AS & A Level Cambridge International AS & A Level Physics (9702) 9702/42 2025 February/March question paper,normalized
cambridge-international,ial,physics,9702,2025-03,9702/42,2,ms,https://www.physicsandmathstutor.com/past-papers/a-level-physics/,https://pmt.physicsandmathstutor.com/download/Physics/A-level/Past-Papers/CAIE/Paper-4/MS/March%202025%20(v2)%20MS.pdf,Cambridge International AS & A Level Cambridge International AS & A Level Physics (9702) 9702/42 2025 February/March mark scheme,normalized
cambridge-international,ial,physics,9702,2025-03,9702/52,2,qp,https://www.physicsandmathstutor.com/past-papers/a-level-physics/,https://pmt.physicsandmathstutor.com/download/Physics/A-level/Past-Papers/CAIE/Paper-5/QP/March%202025%20(v2)%20QP.pdf,Cambridge International AS & A Level Cambridge International AS & A Level Physics (9702) 9702/52 2025 February/March question paper,normalized
cambridge-international,ial,physics,9702,2025-03,9702/52,2,ms,https://www.physicsandmathstutor.com/past-papers/a-level-physics/,https://pmt.physicsandmathstutor.com/download/Physics/A-level/Past-Papers/CAIE/Paper-5/MS/March%202025%20(v2)%20MS.pdf,Cambridge International AS & A Level Cambridge International AS & A Level Physics (9702) 9702/52 2025 February/March mark scheme,normalized
cambridge-international,ial,physics,9702,2025-06,9702/11,1,qp,https://www.physicsandmathstutor.com/past-papers/a-level-physics/,https://pmt.physicsandmathstutor.com/download/Physics/A-level/Past-Papers/CAIE/Paper-1/QP/June%202025%20(v1)%20QP.pdf,Cambridge International AS & A Level Cambridge International AS & A Level Physics (9702) 9702/11 2025 May/June question paper,normalized
cambridge-international,ial,physics,9702,2025-06,9702/11,1,ms,https://www.physicsandmathstutor.com/past-papers/a-level-physics/,https://pmt.physicsandmathstutor.com/download/Physics/A-level/Past-Papers/CAIE/Paper-1/MS/June%202025%20(v1)%20MS.pdf,Cambridge International AS & A Level Cambridge International AS & A Level Physics (9702) 9702/11 2025 May/June mark scheme,normalized
cambridge-international,ial,physics,9702,2025-06,9702/12,2,qp,https://www.physicsandmathstutor.com/past-papers/a-level-physics/,https://pmt.physicsandmathstutor.com/download/Physics/A-level/Past-Papers/CAIE/Paper-1/QP/June%202025%20(v2)%20QP.pdf,Cambridge International AS & A Level Cambridge International AS & A Level Physics (9702) 9702/12 2025 May/June question paper,normalized
cambridge-international,ial,physics,9702,2025-06,9702/12,2,ms,https://www.physicsandmathstutor.com/past-papers/a-level-physics/,https://pmt.physicsandmathstutor.com/download/Physics/A-level/Past-Papers/CAIE/Paper-1/MS/June%202025%20(v2)%20MS.pdf,Cambridge International AS & A Level Cambridge International AS & A Level Physics (9702) 9702/12 2025 May/June mark scheme,normalized
cambridge-international,ial,physics,9702,2025-06,9702/13,3,qp,https://www.physicsandmathstutor.com/past-papers/a-level-physics/,https://pmt.physicsandmathstutor.com/download/Physics/A-level/Past-Papers/CAIE/Paper-1/QP/June%202025%20(v3)%20QP.pdf,Cambridge International AS & A Level Cambridge International AS & A Level Physics (9702) 9702/13 2025 May/June question paper,normalized
cambridge-international,ial,physics,9702,2025-06,9702/13,3,ms,https://www.physicsandmathstutor.com/past-papers/a-level-physics/,https://pmt.physicsandmathstutor.com/download/Physics/A-level/Past-Papers/CAIE/Paper-1/MS/June%202025%20(v3)%20MS.pdf,Cambridge International AS & A Level Cambridge International AS & A Level Physics (9702) 9702/13 2025 May/June mark scheme,normalized
cambridge-international,ial,physics,9702,2025-06,9702/14,4,qp,https://www.physicsandmathstutor.com/past-papers/a-level-physics/,https://pmt.physicsandmathstutor.com/download/Physics/A-level/Past-Papers/CAIE/Paper-1/QP/June%202025%20(v4)%20QP.pdf,Cambridge International AS & A Level Cambridge International AS & A Level Physics (9702) 9702/14 2025 May/June question paper,normalized
cambridge-international,ial,physics,9702,2025-06,9702/14,4,ms,https://www.physicsandmathstutor.com/past-papers/a-level-physics/,https://pmt.physicsandmathstutor.com/download/Physics/A-level/Past-Papers/CAIE/Paper-1/MS/June%202025%20(v4)%20MS.pdf,Cambridge International AS & A Level Cambridge International AS & A Level Physics (9702) 9702/14 2025 May/June mark scheme,normalized
cambridge-international,ial,physics,9702,2025-06,9702/21,1,qp,https://www.physicsandmathstutor.com/past-papers/a-level-physics/,https://pmt.physicsandmathstutor.com/download/Physics/A-level/Past-Papers/CAIE/Paper-2/QP/June%202025%20(v1)%20QP.pdf,Cambridge International AS & A Level Cambridge International AS & A Level Physics (9702) 9702/21 2025 May/June question paper,normalized
cambridge-international,ial,physics,9702,2025-06,9702/21,1,ms,https://www.physicsandmathstutor.com/past-papers/a-level-physics/,https://pmt.physicsandmathstutor.com/download/Physics/A-level/Past-Papers/CAIE/Paper-2/MS/June%202025%20(v1)%20MS.pdf,Cambridge International AS & A Level Cambridge International AS & A Level Physics (9702) 9702/21 2025 May/June mark scheme,normalized
cambridge-international,ial,physics,9702,2025-06,9702/22,2,qp,https://www.physicsandmathstutor.com/past-papers/a-level-physics/,https://pmt.physicsandmathstutor.com/download/Physics/A-level/Past-Papers/CAIE/Paper-2/QP/June%202025%20(v2)%20QP.pdf,Cambridge International AS & A Level Cambridge International AS & A Level Physics (9702) 9702/22 2025 May/June question paper,normalized
cambridge-international,ial,physics,9702,2025-06,9702/22,2,ms,https://www.physicsandmathstutor.com/past-papers/a-level-physics/,https://pmt.physicsandmathstutor.com/download/Physics/A-level/Past-Papers/CAIE/Paper-2/MS/June%202025%20(v2)%20MS.pdf,Cambridge International AS & A Level Cambridge International AS & A Level Physics (9702) 9702/22 2025 May/June mark scheme,normalized
cambridge-international,ial,physics,9702,2025-06,9702/23,3,qp,https://www.physicsandmathstutor.com/past-papers/a-level-physics/,https://pmt.physicsandmathstutor.com/download/Physics/A-level/Past-Papers/CAIE/Paper-2/QP/June%202025%20(v3)%20QP.pdf,Cambridge International AS & A Level Cambridge International AS & A Level Physics (9702) 9702/23 2025 May/June question paper,normalized
cambridge-international,ial,physics,9702,2025-06,9702/23,3,ms,https://www.physicsandmathstutor.com/past-papers/a-level-physics/,https://pmt.physicsandmathstutor.com/download/Physics/A-level/Past-Papers/CAIE/Paper-2/MS/June%202025%20(v3)%20MS.pdf,Cambridge International AS & A Level Cambridge International AS & A Level Physics (9702) 9702/23 2025 May/June mark scheme,normalized
cambridge-international,ial,physics,9702,2025-06,9702/24,4,qp,https://www.physicsandmathstutor.com/past-papers/a-level-physics/,https://pmt.physicsandmathstutor.com/download/Physics/A-level/Past-Papers/CAIE/Paper-2/QP/June%202025%20(v4)%20QP.pdf,Cambridge International AS & A Level Cambridge International AS & A Level Physics (9702) 9702/24 2025 May/June question paper,normalized
cambridge-international,ial,physics,9702,2025-06,9702/24,4,ms,https://www.physicsandmathstutor.com/past-papers/a-level-physics/,https://pmt.physicsandmathstutor.com/download/Physics/A-level/Past-Papers/CAIE/Paper-2/MS/June%202025%20(v4)%20MS.pdf,Cambridge International AS & A Level Cambridge International AS & A Level Physics (9702) 9702/24 2025 May/June mark scheme,normalized
cambridge-international,ial,physics,9702,2025-06,9702/31,1,qp,https://www.physicsandmathstutor.com/past-papers/a-level-physics/,https://pmt.physicsandmathstutor.com/download/Physics/A-level/Past-Papers/CAIE/Paper-3/QP/June%202025%20(v1)%20QP.pdf,Cambridge International AS & A Level Cambridge International AS & A Level Physics (9702) 9702/31 2025 May/June question paper,normalized
cambridge-international,ial,physics,9702,2025-06,9702/31,1,ms,https://www.physicsandmathstutor.com/past-papers/a-level-physics/,https://pmt.physicsandmathstutor.com/download/Physics/A-level/Past-Papers/CAIE/Paper-3/MS/June%202025%20(v1)%20MS.pdf,Cambridge International AS & A Level Cambridge International AS & A Level Physics (9702) 9702/31 2025 May/June mark scheme,normalized
cambridge-international,ial,physics,9702,2025-06,9702/32,2,qp,https://www.physicsandmathstutor.com/past-papers/a-level-physics/,https://pmt.physicsandmathstutor.com/download/Physics/A-level/Past-Papers/CAIE/Paper-3/QP/June%202025%20(v2)%20QP.pdf,Cambridge International AS & A Level Cambridge International AS & A Level Physics (9702) 9702/32 2025 May/June question paper,normalized
cambridge-international,ial,physics,9702,2025-06,9702/32,2,ms,https://www.physicsandmathstutor.com/past-papers/a-level-physics/,https://pmt.physicsandmathstutor.com/download/Physics/A-level/Past-Papers/CAIE/Paper-3/MS/June%202025%20(v2)%20MS.pdf,Cambridge International AS & A Level Cambridge International AS & A Level Physics (9702) 9702/32 2025 May/June mark scheme,normalized
cambridge-international,ial,physics,9702,2025-06,9702/33,3,qp,https://www.physicsandmathstutor.com/past-papers/a-level-physics/,https://pmt.physicsandmathstutor.com/download/Physics/A-level/Past-Papers/CAIE/Paper-3/QP/June%202025%20(v3)%20QP.pdf,Cambridge International AS & A Level Cambridge International AS & A Level Physics (9702) 9702/33 2025 May/June question paper,normalized
cambridge-international,ial,physics,9702,2025-06,9702/33,3,ms,https://www.physicsandmathstutor.com/past-papers/a-level-physics/,https://pmt.physicsandmathstutor.com/download/Physics/A-level/Past-Papers/CAIE/Paper-3/MS/June%202025%20(v3)%20MS.pdf,Cambridge International AS & A Level Cambridge International AS & A Level Physics (9702) 9702/33 2025 May/June mark scheme,normalized
cambridge-international,ial,physics,9702,2025-06,9702/34,4,qp,https://www.physicsandmathstutor.com/past-papers/a-level-physics/,https://pmt.physicsandmathstutor.com/download/Physics/A-level/Past-Papers/CAIE/Paper-3/QP/June%202025%20(v4)%20QP.pdf,Cambridge International AS & A Level Cambridge International AS & A Level Physics (9702) 9702/34 2025 May/June question paper,normalized
cambridge-international,ial,physics,9702,2025-06,9702/34,4,ms,https://www.physicsandmathstutor.com/past-papers/a-level-physics/,https://pmt.physicsandmathstutor.com/download/Physics/A-level/Past-Papers/CAIE/Paper-3/MS/June%202025%20(v4)%20MS.pdf,Cambridge International AS & A Level Cambridge International AS & A Level Physics (9702) 9702/34 2025 May/June mark scheme,normalized
cambridge-international,ial,physics,9702,2025-06,9702/35,5,qp,https://www.physicsandmathstutor.com/past-papers/a-level-physics/,https://pmt.physicsandmathstutor.com/download/Physics/A-level/Past-Papers/CAIE/Paper-3/QP/June%202025%20(v5)%20QP.pdf,Cambridge International AS & A Level Cambridge International AS & A Level Physics (9702) 9702/35 2025 May/June question paper,normalized
cambridge-international,ial,physics,9702,2025-06,9702/35,5,ms,https://www.physicsandmathstutor.com/past-papers/a-level-physics/,https://pmt.physicsandmathstutor.com/download/Physics/A-level/Past-Papers/CAIE/Paper-3/MS/June%202025%20(v5)%20MS.pdf,Cambridge International AS & A Level Cambridge International AS & A Level Physics (9702) 9702/35 2025 May/June mark scheme,normalized
cambridge-international,ial,physics,9702,2025-06,9702/37,7,qp,https://www.physicsandmathstutor.com/past-papers/a-level-physics/,https://pmt.physicsandmathstutor.com/download/Physics/A-level/Past-Papers/CAIE/Paper-3/QP/June%202025%20(v7)%20QP.pdf,Cambridge International AS & A Level Cambridge International AS & A Level Physics (9702) 9702/37 2025 May/June question paper,normalized
cambridge-international,ial,physics,9702,2025-06,9702/37,7,ms,https://www.physicsandmathstutor.com/past-papers/a-level-physics/,https://pmt.physicsandmathstutor.com/download/Physics/A-level/Past-Papers/CAIE/Paper-3/MS/June%202025%20(v7)%20MS.pdf,Cambridge International AS & A Level Cambridge International AS & A Level Physics (9702) 9702/37 2025 May/June mark scheme,normalized
cambridge-international,ial,physics,9702,2025-06,9702/38,8,qp,https://www.physicsandmathstutor.com/past-papers/a-level-physics/,https://pmt.physicsandmathstutor.com/download/Physics/A-level/Past-Papers/CAIE/Paper-3/QP/June%202025%20(v8)%20QP.pdf,Cambridge International AS & A Level Cambridge International AS & A Level Physics (9702) 9702/38 2025 May/June question paper,normalized
cambridge-international,ial,physics,9702,2025-06,9702/38,8,ms,https://www.physicsandmathstutor.com/past-papers/a-level-physics/,https://pmt.physicsandmathstutor.com/download/Physics/A-level/Past-Papers/CAIE/Paper-3/MS/June%202025%20(v8)%20MS.pdf,Cambridge International AS & A Level Cambridge International AS & A Level Physics (9702) 9702/38 2025 May/June mark scheme,normalized
cambridge-international,ial,physics,9702,2025-06,9702/41,1,qp,https://www.physicsandmathstutor.com/past-papers/a-level-physics/,https://pmt.physicsandmathstutor.com/download/Physics/A-level/Past-Papers/CAIE/Paper-4/QP/June%202025%20(v1)%20QP.pdf,Cambridge International AS & A Level Cambridge International AS & A Level Physics (9702) 9702/41 2025 May/June question paper,normalized
cambridge-international,ial,physics,9702,2025-06,9702/41,1,ms,https://www.physicsandmathstutor.com/past-papers/a-level-physics/,https://pmt.physicsandmathstutor.com/download/Physics/A-level/Past-Papers/CAIE/Paper-4/MS/June%202025%20(v1)%20MS.pdf,Cambridge International AS & A Level Cambridge International AS & A Level Physics (9702) 9702/41 2025 May/June mark scheme,normalized
cambridge-international,ial,physics,9702,2025-06,9702/42,2,qp,https://www.physicsandmathstutor.com/past-papers/a-level-physics/,https://pmt.physicsandmathstutor.com/download/Physics/A-level/Past-Papers/CAIE/Paper-4/QP/June%202025%20(v2)%20QP.pdf,Cambridge International AS & A Level Cambridge International AS & A Level Physics (9702) 9702/42 2025 May/June question paper,normalized
cambridge-international,ial,physics,9702,2025-06,9702/42,2,ms,https://www.physicsandmathstutor.com/past-papers/a-level-physics/,https://pmt.physicsandmathstutor.com/download/Physics/A-level/Past-Papers/CAIE/Paper-4/MS/June%202025%20(v2)%20MS.pdf,Cambridge International AS & A Level Cambridge International AS & A Level Physics (9702) 9702/42 2025 May/June mark scheme,normalized
cambridge-international,ial,physics,9702,2025-06,9702/43,3,qp,https://www.physicsandmathstutor.com/past-papers/a-level-physics/,https://pmt.physicsandmathstutor.com/download/Physics/A-level/Past-Papers/CAIE/Paper-4/QP/June%202025%20(v3)%20QP.pdf,Cambridge International AS & A Level Cambridge International AS & A Level Physics (9702) 9702/43 2025 May/June question paper,normalized
cambridge-international,ial,physics,9702,2025-06,9702/43,3,ms,https://www.physicsandmathstutor.com/past-papers/a-level-physics/,https://pmt.physicsandmathstutor.com/download/Physics/A-level/Past-Papers/CAIE/Paper-4/MS/June%202025%20(v3)%20MS.pdf,Cambridge International AS & A Level Cambridge International AS & A Level Physics (9702) 9702/43 2025 May/June mark scheme,normalized
cambridge-international,ial,physics,9702,2025-06,9702/44,4,qp,https://www.physicsandmathstutor.com/past-papers/a-level-physics/,https://pmt.physicsandmathstutor.com/download/Physics/A-level/Past-Papers/CAIE/Paper-4/QP/June%202025%20(v4)%20QP.pdf,Cambridge International AS & A Level Cambridge International AS & A Level Physics (9702) 9702/44 2025 May/June question paper,normalized
cambridge-international,ial,physics,9702,2025-06,9702/44,4,ms,https://www.physicsandmathstutor.com/past-papers/a-level-physics/,https://pmt.physicsandmathstutor.com/download/Physics/A-level/Past-Papers/CAIE/Paper-4/MS/June%202025%20(v4)%20MS.pdf,Cambridge International AS & A Level Cambridge International AS & A Level Physics (9702) 9702/44 2025 May/June mark scheme,normalized
cambridge-international,ial,physics,9702,2025-06,9702/51,1,qp,https://www.physicsandmathstutor.com/past-papers/a-level-physics/,https://pmt.physicsandmathstutor.com/download/Physics/A-level/Past-Papers/CAIE/Paper-5/QP/June%202025%20(v1)%20QP.pdf,Cambridge International AS & A Level Cambridge International AS & A Level Physics (9702) 9702/51 2025 May/June question paper,normalized
cambridge-international,ial,physics,9702,2025-06,9702/51,1,ms,https://www.physicsandmathstutor.com/past-papers/a-level-physics/,https://pmt.physicsandmathstutor.com/download/Physics/A-level/Past-Papers/CAIE/Paper-5/MS/June%202025%20(v1)%20MS.pdf,Cambridge International AS & A Level Cambridge International AS & A Level Physics (9702) 9702/51 2025 May/June mark scheme,normalized
cambridge-international,ial,physics,9702,2025-06,9702/52,2,qp,https://www.physicsandmathstutor.com/past-papers/a-level-physics/,https://pmt.physicsandmathstutor.com/download/Physics/A-level/Past-Papers/CAIE/Paper-5/QP/June%202025%20(v2)%20QP.pdf,Cambridge International AS & A Level Cambridge International AS & A Level Physics (9702) 9702/52 2025 May/June question paper,normalized
cambridge-international,ial,physics,9702,2025-06,9702/52,2,ms,https://www.physicsandmathstutor.com/past-papers/a-level-physics/,https://pmt.physicsandmathstutor.com/download/Physics/A-level/Past-Papers/CAIE/Paper-5/MS/June%202025%20(v2)%20MS.pdf,Cambridge International AS & A Level Cambridge International AS & A Level Physics (9702) 9702/52 2025 May/June mark scheme,normalized
cambridge-international,ial,physics,9702,2025-06,9702/53,3,qp,https://www.physicsandmathstutor.com/past-papers/a-level-physics/,https://pmt.physicsandmathstutor.com/download/Physics/A-level/Past-Papers/CAIE/Paper-5/QP/June%202025%20(v3)%20QP.pdf,Cambridge International AS & A Level Cambridge International AS & A Level Physics (9702) 9702/53 2025 May/June question paper,normalized
cambridge-international,ial,physics,9702,2025-06,9702/53,3,ms,https://www.physicsandmathstutor.com/past-papers/a-level-physics/,https://pmt.physicsandmathstutor.com/download/Physics/A-level/Past-Papers/CAIE/Paper-5/MS/June%202025%20(v3)%20MS.pdf,Cambridge International AS & A Level Cambridge International AS & A Level Physics (9702) 9702/53 2025 May/June mark scheme,normalized
cambridge-international,ial,physics,9702,2025-06,9702/54,4,qp,https://www.physicsandmathstutor.com/past-papers/a-level-physics/,https://pmt.physicsandmathstutor.com/download/Physics/A-level/Past-Papers/CAIE/Paper-5/QP/June%202025%20(v4)%20QP.pdf,Cambridge International AS & A Level Cambridge International AS & A Level Physics (9702) 9702/54 2025 May/June question paper,normalized
cambridge-international,ial,physics,9702,2025-06,9702/54,4,ms,https://www.physicsandmathstutor.com/past-papers/a-level-physics/,https://pmt.physicsandmathstutor.com/download/Physics/A-level/Past-Papers/CAIE/Paper-5/MS/June%202025%20(v4)%20MS.pdf,Cambridge International AS & A Level Cambridge International AS & A Level Physics (9702) 9702/54 2025 May/June mark scheme,normalized
cambridge-international,ial,mathematics,9709,2021-03,9709/12,2,qp,https://www.physicsandmathstutor.com/past-papers/a-level-maths-papers/,https://pmt.physicsandmathstutor.com/download/Maths/A-level/Papers/CIE/CAIE/Pure-1/QP/March%202021%20(v2)%20QP.pdf,Cambridge International AS & A Level Cambridge International AS & A Level Mathematics (9709) 9709/12 2021 February/March question paper,normalized
cambridge-international,ial,mathematics,9709,2021-03,9709/12,2,ms,https://www.physicsandmathstutor.com/past-papers/a-level-maths-papers/,https://pmt.physicsandmathstutor.com/download/Maths/A-level/Papers/CIE/CAIE/Pure-1/MS/March%202021%20(v2)%20MS.pdf,Cambridge International AS & A Level Cambridge International AS & A Level Mathematics (9709) 9709/12 2021 February/March mark scheme,normalized
cambridge-international,ial,mathematics,9709,2021-03,9709/22,2,qp,https://www.physicsandmathstutor.com/past-papers/a-level-maths-papers/,https://pmt.physicsandmathstutor.com/download/Maths/A-level/Papers/CIE/CAIE/Pure-2/QP/March%202021%20(v2)%20QP.pdf,Cambridge International AS & A Level Cambridge International AS & A Level Mathematics (9709) 9709/22 2021 February/March question paper,normalized
cambridge-international,ial,mathematics,9709,2021-03,9709/22,2,ms,https://www.physicsandmathstutor.com/past-papers/a-level-maths-papers/,https://pmt.physicsandmathstutor.com/download/Maths/A-level/Papers/CIE/CAIE/Pure-2/MS/March%202021%20(v2)%20MS.pdf,Cambridge International AS & A Level Cambridge International AS & A Level Mathematics (9709) 9709/22 2021 February/March mark scheme,normalized
cambridge-international,ial,mathematics,9709,2021-03,9709/32,2,qp,https://www.physicsandmathstutor.com/past-papers/a-level-maths-papers/,https://pmt.physicsandmathstutor.com/download/Maths/A-level/Papers/CIE/CAIE/Pure-3/QP/March%202021%20(v2)%20QP.pdf,Cambridge International AS & A Level Cambridge International AS & A Level Mathematics (9709) 9709/32 2021 February/March question paper,normalized
cambridge-international,ial,mathematics,9709,2021-03,9709/32,2,ms,https://www.physicsandmathstutor.com/past-papers/a-level-maths-papers/,https://pmt.physicsandmathstutor.com/download/Maths/A-level/Papers/CIE/CAIE/Pure-3/MS/March%202021%20(v2)%20MS.pdf,Cambridge International AS & A Level Cambridge International AS & A Level Mathematics (9709) 9709/32 2021 February/March mark scheme,normalized
cambridge-international,ial,mathematics,9709,2021-03,9709/42,2,qp,https://www.physicsandmathstutor.com/past-papers/a-level-maths-papers/,https://pmt.physicsandmathstutor.com/download/Maths/A-level/Papers/CIE/CAIE/Mechanics-1/QP/March%202021%20(v2)%20QP.pdf,Cambridge International AS & A Level Cambridge International AS & A Level Mathematics (9709) 9709/42 2021 February/March question paper,normalized
cambridge-international,ial,mathematics,9709,2021-03,9709/42,2,ms,https://www.physicsandmathstutor.com/past-papers/a-level-maths-papers/,https://pmt.physicsandmathstutor.com/download/Maths/A-level/Papers/CIE/CAIE/Mechanics-1/MS/March%202021%20(v2)%20MS.pdf,Cambridge International AS & A Level Cambridge International AS & A Level Mathematics (9709) 9709/42 2021 February/March mark scheme,normalized
cambridge-international,ial,mathematics,9709,2021-03,9709/52,2,qp,https://www.physicsandmathstutor.com/past-papers/a-level-maths-papers/,https://pmt.physicsandmathstutor.com/download/Maths/A-level/Papers/CIE/CAIE/Statistics-1/QP/March%202021%20(v2)%20QP.pdf,Cambridge International AS & A Level Cambridge International AS & A Level Mathematics (9709) 9709/52 2021 February/March question paper,normalized
cambridge-international,ial,mathematics,9709,2021-03,9709/52,2,ms,https://www.physicsandmathstutor.com/past-papers/a-level-maths-papers/,https://pmt.physicsandmathstutor.com/download/Maths/A-level/Papers/CIE/CAIE/Statistics-1/MS/March%202021%20(v2)%20MS.pdf,Cambridge International AS & A Level Cambridge International AS & A Level Mathematics (9709) 9709/52 2021 February/March mark scheme,normalized
cambridge-international,ial,mathematics,9709,2021-03,9709/62,2,qp,https://www.physicsandmathstutor.com/past-papers/a-level-maths-papers/,https://pmt.physicsandmathstutor.com/download/Maths/A-level/Papers/CIE/CAIE/Statistics-2/QP/March%202021%20(v2)%20QP.pdf,Cambridge International AS & A Level Cambridge International AS & A Level Mathematics (9709) 9709/62 2021 February/March question paper,normalized
cambridge-international,ial,mathematics,9709,2021-03,9709/62,2,ms,https://www.physicsandmathstutor.com/past-papers/a-level-maths-papers/,https://pmt.physicsandmathstutor.com/download/Maths/A-level/Papers/CIE/CAIE/Statistics-2/MS/March%202021%20(v2)%20MS.pdf,Cambridge International AS & A Level Cambridge International AS & A Level Mathematics (9709) 9709/62 2021 February/March mark scheme,normalized
cambridge-international,ial,mathematics,9709,2022-03,9709/12,2,qp,https://www.physicsandmathstutor.com/past-papers/a-level-maths-papers/,https://pmt.physicsandmathstutor.com/download/Maths/A-level/Papers/CIE/CAIE/Pure-1/QP/March%202022%20(v2)%20QP.pdf,Cambridge International AS & A Level Cambridge International AS & A Level Mathematics (9709) 9709/12 2022 February/March question paper,normalized
cambridge-international,ial,mathematics,9709,2022-03,9709/12,2,ms,https://www.physicsandmathstutor.com/past-papers/a-level-maths-papers/,https://pmt.physicsandmathstutor.com/download/Maths/A-level/Papers/CIE/CAIE/Pure-1/MS/March%202022%20(v2)%20MS.pdf,Cambridge International AS & A Level Cambridge International AS & A Level Mathematics (9709) 9709/12 2022 February/March mark scheme,normalized
cambridge-international,ial,mathematics,9709,2022-03,9709/22,2,qp,https://www.physicsandmathstutor.com/past-papers/a-level-maths-papers/,https://pmt.physicsandmathstutor.com/download/Maths/A-level/Papers/CIE/CAIE/Pure-2/QP/March%202022%20(v2)%20QP.pdf,Cambridge International AS & A Level Cambridge International AS & A Level Mathematics (9709) 9709/22 2022 February/March question paper,normalized
cambridge-international,ial,mathematics,9709,2022-03,9709/22,2,ms,https://www.physicsandmathstutor.com/past-papers/a-level-maths-papers/,https://pmt.physicsandmathstutor.com/download/Maths/A-level/Papers/CIE/CAIE/Pure-2/MS/March%202022%20(v2)%20MS.pdf,Cambridge International AS & A Level Cambridge International AS & A Level Mathematics (9709) 9709/22 2022 February/March mark scheme,normalized
cambridge-international,ial,mathematics,9709,2022-03,9709/32,2,qp,https://www.physicsandmathstutor.com/past-papers/a-level-maths-papers/,https://pmt.physicsandmathstutor.com/download/Maths/A-level/Papers/CIE/CAIE/Pure-3/QP/March%202022%20(v2)%20QP.pdf,Cambridge International AS & A Level Cambridge International AS & A Level Mathematics (9709) 9709/32 2022 February/March question paper,normalized
cambridge-international,ial,mathematics,9709,2022-03,9709/32,2,ms,https://www.physicsandmathstutor.com/past-papers/a-level-maths-papers/,https://pmt.physicsandmathstutor.com/download/Maths/A-level/Papers/CIE/CAIE/Pure-3/MS/March%202022%20(v2)%20MS.pdf,Cambridge International AS & A Level Cambridge International AS & A Level Mathematics (9709) 9709/32 2022 February/March mark scheme,normalized
cambridge-international,ial,mathematics,9709,2022-03,9709/42,2,qp,https://www.physicsandmathstutor.com/past-papers/a-level-maths-papers/,https://pmt.physicsandmathstutor.com/download/Maths/A-level/Papers/CIE/CAIE/Mechanics-1/QP/March%202022%20(v2)%20QP.pdf,Cambridge International AS & A Level Cambridge International AS & A Level Mathematics (9709) 9709/42 2022 February/March question paper,normalized
cambridge-international,ial,mathematics,9709,2022-03,9709/42,2,ms,https://www.physicsandmathstutor.com/past-papers/a-level-maths-papers/,https://pmt.physicsandmathstutor.com/download/Maths/A-level/Papers/CIE/CAIE/Mechanics-1/MS/March%202022%20(v2)%20MS.pdf,Cambridge International AS & A Level Cambridge International AS & A Level Mathematics (9709) 9709/42 2022 February/March mark scheme,normalized
cambridge-international,ial,mathematics,9709,2022-03,9709/52,2,qp,https://www.physicsandmathstutor.com/past-papers/a-level-maths-papers/,https://pmt.physicsandmathstutor.com/download/Maths/A-level/Papers/CIE/CAIE/Statistics-1/QP/March%202022%20(v2)%20QP.pdf,Cambridge International AS & A Level Cambridge International AS & A Level Mathematics (9709) 9709/52 2022 February/March question paper,normalized
cambridge-international,ial,mathematics,9709,2022-03,9709/52,2,ms,https://www.physicsandmathstutor.com/past-papers/a-level-maths-papers/,https://pmt.physicsandmathstutor.com/download/Maths/A-level/Papers/CIE/CAIE/Statistics-1/MS/March%202022%20(v2)%20MS.pdf,Cambridge International AS & A Level Cambridge International AS & A Level Mathematics (9709) 9709/52 2022 February/March mark scheme,normalized
cambridge-international,ial,mathematics,9709,2022-03,9709/62,2,qp,https://www.physicsandmathstutor.com/past-papers/a-level-maths-papers/,https://pmt.physicsandmathstutor.com/download/Maths/A-level/Papers/CIE/CAIE/Statistics-2/QP/March%202022%20(v2)%20QP.pdf,Cambridge International AS & A Level Cambridge International AS & A Level Mathematics (9709) 9709/62 2022 February/March question paper,normalized
cambridge-international,ial,mathematics,9709,2022-03,9709/62,2,ms,https://www.physicsandmathstutor.com/past-papers/a-level-maths-papers/,https://pmt.physicsandmathstutor.com/download/Maths/A-level/Papers/CIE/CAIE/Statistics-2/MS/March%202022%20(v2)%20MS.pdf,Cambridge International AS & A Level Cambridge International AS & A Level Mathematics (9709) 9709/62 2022 February/March mark scheme,normalized
cambridge-international,ial,mathematics,9709,2023-03,9709/12,2,qp,https://www.physicsandmathstutor.com/past-papers/a-level-maths-papers/,https://pmt.physicsandmathstutor.com/download/Maths/A-level/Papers/CIE/CAIE/Pure-1/QP/March%202023%20(v2)%20QP.pdf,Cambridge International AS & A Level Cambridge International AS & A Level Mathematics (9709) 9709/12 2023 February/March question paper,normalized
cambridge-international,ial,mathematics,9709,2023-03,9709/12,2,ms,https://www.physicsandmathstutor.com/past-papers/a-level-maths-papers/,https://pmt.physicsandmathstutor.com/download/Maths/A-level/Papers/CIE/CAIE/Pure-1/MS/March%202023%20(v2)%20MS.pdf,Cambridge International AS & A Level Cambridge International AS & A Level Mathematics (9709) 9709/12 2023 February/March mark scheme,normalized
cambridge-international,ial,mathematics,9709,2023-03,9709/22,2,qp,https://www.physicsandmathstutor.com/past-papers/a-level-maths-papers/,https://pmt.physicsandmathstutor.com/download/Maths/A-level/Papers/CIE/CAIE/Pure-2/QP/March%202023%20(v2)%20QP.pdf,Cambridge International AS & A Level Cambridge International AS & A Level Mathematics (9709) 9709/22 2023 February/March question paper,normalized
cambridge-international,ial,mathematics,9709,2023-03,9709/22,2,ms,https://www.physicsandmathstutor.com/past-papers/a-level-maths-papers/,https://pmt.physicsandmathstutor.com/download/Maths/A-level/Papers/CIE/CAIE/Pure-2/MS/March%202023%20(v2)%20MS.pdf,Cambridge International AS & A Level Cambridge International AS & A Level Mathematics (9709) 9709/22 2023 February/March mark scheme,normalized
cambridge-international,ial,mathematics,9709,2023-03,9709/32,2,qp,https://www.physicsandmathstutor.com/past-papers/a-level-maths-papers/,https://pmt.physicsandmathstutor.com/download/Maths/A-level/Papers/CIE/CAIE/Pure-3/QP/March%202023%20(v2)%20QP.pdf,Cambridge International AS & A Level Cambridge International AS & A Level Mathematics (9709) 9709/32 2023 February/March question paper,normalized
cambridge-international,ial,mathematics,9709,2023-03,9709/32,2,ms,https://www.physicsandmathstutor.com/past-papers/a-level-maths-papers/,https://pmt.physicsandmathstutor.com/download/Maths/A-level/Papers/CIE/CAIE/Pure-3/MS/March%202023%20(v2)%20MS.pdf,Cambridge International AS & A Level Cambridge International AS & A Level Mathematics (9709) 9709/32 2023 February/March mark scheme,normalized
cambridge-international,ial,mathematics,9709,2023-03,9709/42,2,qp,https://www.physicsandmathstutor.com/past-papers/a-level-maths-papers/,https://pmt.physicsandmathstutor.com/download/Maths/A-level/Papers/CIE/CAIE/Mechanics-1/QP/March%202023%20(v2)%20QP.pdf,Cambridge International AS & A Level Cambridge International AS & A Level Mathematics (9709) 9709/42 2023 February/March question paper,normalized
cambridge-international,ial,mathematics,9709,2023-03,9709/42,2,ms,https://www.physicsandmathstutor.com/past-papers/a-level-maths-papers/,https://pmt.physicsandmathstutor.com/download/Maths/A-level/Papers/CIE/CAIE/Mechanics-1/MS/March%202023%20(v2)%20MS.pdf,Cambridge International AS & A Level Cambridge International AS & A Level Mathematics (9709) 9709/42 2023 February/March mark scheme,normalized
cambridge-international,ial,mathematics,9709,2023-03,9709/52,2,qp,https://www.physicsandmathstutor.com/past-papers/a-level-maths-papers/,https://pmt.physicsandmathstutor.com/download/Maths/A-level/Papers/CIE/CAIE/Statistics-1/QP/March%202023%20(v2)%20QP.pdf,Cambridge International AS & A Level Cambridge International AS & A Level Mathematics (9709) 9709/52 2023 February/March question paper,normalized
cambridge-international,ial,mathematics,9709,2023-03,9709/52,2,ms,https://www.physicsandmathstutor.com/past-papers/a-level-maths-papers/,https://pmt.physicsandmathstutor.com/download/Maths/A-level/Papers/CIE/CAIE/Statistics-1/MS/March%202023%20(v2)%20MS.pdf,Cambridge International AS & A Level Cambridge International AS & A Level Mathematics (9709) 9709/52 2023 February/March mark scheme,normalized
cambridge-international,ial,mathematics,9709,2023-03,9709/62,2,qp,https://www.physicsandmathstutor.com/past-papers/a-level-maths-papers/,https://pmt.physicsandmathstutor.com/download/Maths/A-level/Papers/CIE/CAIE/Statistics-2/QP/March%202023%20(v2)%20QP.pdf,Cambridge International AS & A Level Cambridge International AS & A Level Mathematics (9709) 9709/62 2023 February/March question paper,normalized
cambridge-international,ial,mathematics,9709,2023-03,9709/62,2,ms,https://www.physicsandmathstutor.com/past-papers/a-level-maths-papers/,https://pmt.physicsandmathstutor.com/download/Maths/A-level/Papers/CIE/CAIE/Statistics-2/MS/March%202023%20(v2)%20MS.pdf,Cambridge International AS & A Level Cambridge International AS & A Level Mathematics (9709) 9709/62 2023 February/March mark scheme,normalized
cambridge-international,ial,mathematics,9709,2024-03,9709/12,2,qp,https://www.physicsandmathstutor.com/past-papers/a-level-maths-papers/,https://pmt.physicsandmathstutor.com/download/Maths/A-level/Papers/CIE/CAIE/Pure-1/QP/March%202024%20(v2)%20QP.pdf,Cambridge International AS & A Level Cambridge International AS & A Level Mathematics (9709) 9709/12 2024 February/March question paper,normalized
cambridge-international,ial,mathematics,9709,2024-03,9709/12,2,ms,https://www.physicsandmathstutor.com/past-papers/a-level-maths-papers/,https://pmt.physicsandmathstutor.com/download/Maths/A-level/Papers/CIE/CAIE/Pure-1/MS/March%202024%20(v2)%20MS.pdf,Cambridge International AS & A Level Cambridge International AS & A Level Mathematics (9709) 9709/12 2024 February/March mark scheme,normalized
cambridge-international,ial,mathematics,9709,2024-03,9709/22,2,qp,https://www.physicsandmathstutor.com/past-papers/a-level-maths-papers/,https://pmt.physicsandmathstutor.com/download/Maths/A-level/Papers/CIE/CAIE/Pure-2/QP/March%202024%20(v2)%20QP.pdf,Cambridge International AS & A Level Cambridge International AS & A Level Mathematics (9709) 9709/22 2024 February/March question paper,normalized
cambridge-international,ial,mathematics,9709,2024-03,9709/22,2,ms,https://www.physicsandmathstutor.com/past-papers/a-level-maths-papers/,https://pmt.physicsandmathstutor.com/download/Maths/A-level/Papers/CIE/CAIE/Pure-2/MS/March%202024%20(v2)%20MS.pdf,Cambridge International AS & A Level Cambridge International AS & A Level Mathematics (9709) 9709/22 2024 February/March mark scheme,normalized
cambridge-international,ial,mathematics,9709,2024-03,9709/32,2,qp,https://www.physicsandmathstutor.com/past-papers/a-level-maths-papers/,https://pmt.physicsandmathstutor.com/download/Maths/A-level/Papers/CIE/CAIE/Pure-3/QP/March%202024%20(v2)%20QP.pdf,Cambridge International AS & A Level Cambridge International AS & A Level Mathematics (9709) 9709/32 2024 February/March question paper,normalized
cambridge-international,ial,mathematics,9709,2024-03,9709/32,2,ms,https://www.physicsandmathstutor.com/past-papers/a-level-maths-papers/,https://pmt.physicsandmathstutor.com/download/Maths/A-level/Papers/CIE/CAIE/Pure-3/MS/March%202024%20(v2)%20MS.pdf,Cambridge International AS & A Level Cambridge International AS & A Level Mathematics (9709) 9709/32 2024 February/March mark scheme,normalized
cambridge-international,ial,mathematics,9709,2024-03,9709/42,2,qp,https://www.physicsandmathstutor.com/past-papers/a-level-maths-papers/,https://pmt.physicsandmathstutor.com/download/Maths/A-level/Papers/CIE/CAIE/Mechanics-1/QP/March%202024%20(v2)%20QP.pdf,Cambridge International AS & A Level Cambridge International AS & A Level Mathematics (9709) 9709/42 2024 February/March question paper,normalized
cambridge-international,ial,mathematics,9709,2024-03,9709/42,2,ms,https://www.physicsandmathstutor.com/past-papers/a-level-maths-papers/,https://pmt.physicsandmathstutor.com/download/Maths/A-level/Papers/CIE/CAIE/Mechanics-1/MS/March%202024%20(v2)%20MS.pdf,Cambridge International AS & A Level Cambridge International AS & A Level Mathematics (9709) 9709/42 2024 February/March mark scheme,normalized
cambridge-international,ial,mathematics,9709,2024-03,9709/52,2,qp,https://www.physicsandmathstutor.com/past-papers/a-level-maths-papers/,https://pmt.physicsandmathstutor.com/download/Maths/A-level/Papers/CIE/CAIE/Statistics-1/QP/March%202024%20(v2)%20QP.pdf,Cambridge International AS & A Level Cambridge International AS & A Level Mathematics (9709) 9709/52 2024 February/March question paper,normalized
cambridge-international,ial,mathematics,9709,2024-03,9709/52,2,ms,https://www.physicsandmathstutor.com/past-papers/a-level-maths-papers/,https://pmt.physicsandmathstutor.com/download/Maths/A-level/Papers/CIE/CAIE/Statistics-1/MS/March%202024%20(v2)%20MS.pdf,Cambridge International AS & A Level Cambridge International AS & A Level Mathematics (9709) 9709/52 2024 February/March mark scheme,normalized
cambridge-international,ial,mathematics,9709,2024-03,9709/62,2,qp,https://www.physicsandmathstutor.com/past-papers/a-level-maths-papers/,https://pmt.physicsandmathstutor.com/download/Maths/A-level/Papers/CIE/CAIE/Statistics-2/QP/March%202024%20(v2)%20QP.pdf,Cambridge International AS & A Level Cambridge International AS & A Level Mathematics (9709) 9709/62 2024 February/March question paper,normalized
cambridge-international,ial,mathematics,9709,2024-03,9709/62,2,ms,https://www.physicsandmathstutor.com/past-papers/a-level-maths-papers/,https://pmt.physicsandmathstutor.com/download/Maths/A-level/Papers/CIE/CAIE/Statistics-2/MS/March%202024%20(v2)%20MS.pdf,Cambridge International AS & A Level Cambridge International AS & A Level Mathematics (9709) 9709/62 2024 February/March mark scheme,normalized
cambridge-international,ial,mathematics,9709,2025-03,9709/12,2,qp,https://www.physicsandmathstutor.com/past-papers/a-level-maths-papers/,https://pmt.physicsandmathstutor.com/download/Maths/A-level/Papers/CIE/CAIE/Pure-1/QP/March%202025%20(v2)%20QP.pdf,Cambridge International AS & A Level Cambridge International AS & A Level Mathematics (9709) 9709/12 2025 February/March question paper,normalized
cambridge-international,ial,mathematics,9709,2025-03,9709/12,2,ms,https://www.physicsandmathstutor.com/past-papers/a-level-maths-papers/,https://pmt.physicsandmathstutor.com/download/Maths/A-level/Papers/CIE/CAIE/Pure-1/MS/March%202025%20(v2)%20MS.pdf,Cambridge International AS & A Level Cambridge International AS & A Level Mathematics (9709) 9709/12 2025 February/March mark scheme,normalized
cambridge-international,ial,mathematics,9709,2025-03,9709/22,2,qp,https://www.physicsandmathstutor.com/past-papers/a-level-maths-papers/,https://pmt.physicsandmathstutor.com/download/Maths/A-level/Papers/CIE/CAIE/Pure-2/QP/March%202025%20(v2)%20QP.pdf,Cambridge International AS & A Level Cambridge International AS & A Level Mathematics (9709) 9709/22 2025 February/March question paper,normalized
cambridge-international,ial,mathematics,9709,2025-03,9709/22,2,ms,https://www.physicsandmathstutor.com/past-papers/a-level-maths-papers/,https://pmt.physicsandmathstutor.com/download/Maths/A-level/Papers/CIE/CAIE/Pure-2/MS/March%202025%20(v2)%20MS.pdf,Cambridge International AS & A Level Cambridge International AS & A Level Mathematics (9709) 9709/22 2025 February/March mark scheme,normalized
cambridge-international,ial,mathematics,9709,2025-03,9709/32,2,qp,https://www.physicsandmathstutor.com/past-papers/a-level-maths-papers/,https://pmt.physicsandmathstutor.com/download/Maths/A-level/Papers/CIE/CAIE/Pure-3/QP/March%202025%20(v2)%20QP.pdf,Cambridge International AS & A Level Cambridge International AS & A Level Mathematics (9709) 9709/32 2025 February/March question paper,normalized
cambridge-international,ial,mathematics,9709,2025-03,9709/32,2,ms,https://www.physicsandmathstutor.com/past-papers/a-level-maths-papers/,https://pmt.physicsandmathstutor.com/download/Maths/A-level/Papers/CIE/CAIE/Pure-3/MS/March%202025%20(v2)%20MS.pdf,Cambridge International AS & A Level Cambridge International AS & A Level Mathematics (9709) 9709/32 2025 February/March mark scheme,normalized
cambridge-international,ial,mathematics,9709,2025-03,9709/42,2,qp,https://www.physicsandmathstutor.com/past-papers/a-level-maths-papers/,https://pmt.physicsandmathstutor.com/download/Maths/A-level/Papers/CIE/CAIE/Mechanics-1/QP/March%202025%20(v2)%20QP.pdf,Cambridge International AS & A Level Cambridge International AS & A Level Mathematics (9709) 9709/42 2025 February/March question paper,normalized
cambridge-international,ial,mathematics,9709,2025-03,9709/42,2,ms,https://www.physicsandmathstutor.com/past-papers/a-level-maths-papers/,https://pmt.physicsandmathstutor.com/download/Maths/A-level/Papers/CIE/CAIE/Mechanics-1/MS/March%202025%20(v2)%20MS.pdf,Cambridge International AS & A Level Cambridge International AS & A Level Mathematics (9709) 9709/42 2025 February/March mark scheme,normalized
cambridge-international,ial,mathematics,9709,2025-03,9709/52,2,qp,https://www.physicsandmathstutor.com/past-papers/a-level-maths-papers/,https://pmt.physicsandmathstutor.com/download/Maths/A-level/Papers/CIE/CAIE/Statistics-1/QP/March%202025%20(v2)%20QP.pdf,Cambridge International AS & A Level Cambridge International AS & A Level Mathematics (9709) 9709/52 2025 February/March question paper,normalized
cambridge-international,ial,mathematics,9709,2025-03,9709/52,2,ms,https://www.physicsandmathstutor.com/past-papers/a-level-maths-papers/,https://pmt.physicsandmathstutor.com/download/Maths/A-level/Papers/CIE/CAIE/Statistics-1/MS/March%202025%20(v2)%20MS.pdf,Cambridge International AS & A Level Cambridge International AS & A Level Mathematics (9709) 9709/52 2025 February/March mark scheme,normalized
cambridge-international,ial,mathematics,9709,2025-03,9709/62,2,qp,https://www.physicsandmathstutor.com/past-papers/a-level-maths-papers/,https://pmt.physicsandmathstutor.com/download/Maths/A-level/Papers/CIE/CAIE/Statistics-2/QP/March%202025%20(v2)%20QP.pdf,Cambridge International AS & A Level Cambridge International AS & A Level Mathematics (9709) 9709/62 2025 February/March question paper,normalized
cambridge-international,ial,mathematics,9709,2025-03,9709/62,2,ms,https://www.physicsandmathstutor.com/past-papers/a-level-maths-papers/,https://pmt.physicsandmathstutor.com/download/Maths/A-level/Papers/CIE/CAIE/Statistics-2/MS/March%202025%20(v2)%20MS.pdf,Cambridge International AS & A Level Cambridge International AS & A Level Mathematics (9709) 9709/62 2025 February/March mark scheme,normalized
cambridge-international,ial,mathematics,9709,2025-06,9709/11,1,qp,https://www.physicsandmathstutor.com/past-papers/a-level-maths-papers/,https://pmt.physicsandmathstutor.com/download/Maths/A-level/Papers/CIE/CAIE/Pure-1/QP/June%202025%20(v1)%20QP.pdf,Cambridge International AS & A Level Cambridge International AS & A Level Mathematics (9709) 9709/11 2025 May/June question paper,normalized
cambridge-international,ial,mathematics,9709,2025-06,9709/11,1,ms,https://www.physicsandmathstutor.com/past-papers/a-level-maths-papers/,https://pmt.physicsandmathstutor.com/download/Maths/A-level/Papers/CIE/CAIE/Pure-1/MS/June%202025%20(v1)%20MS.pdf,Cambridge International AS & A Level Cambridge International AS & A Level Mathematics (9709) 9709/11 2025 May/June mark scheme,normalized
cambridge-international,ial,mathematics,9709,2025-06,9709/12,2,qp,https://www.physicsandmathstutor.com/past-papers/a-level-maths-papers/,https://pmt.physicsandmathstutor.com/download/Maths/A-level/Papers/CIE/CAIE/Pure-1/QP/June%202025%20(v2)%20QP.pdf,Cambridge International AS & A Level Cambridge International AS & A Level Mathematics (9709) 9709/12 2025 May/June question paper,normalized
cambridge-international,ial,mathematics,9709,2025-06,9709/12,2,ms,https://www.physicsandmathstutor.com/past-papers/a-level-maths-papers/,https://pmt.physicsandmathstutor.com/download/Maths/A-level/Papers/CIE/CAIE/Pure-1/MS/June%202025%20(v2)%20MS.pdf,Cambridge International AS & A Level Cambridge International AS & A Level Mathematics (9709) 9709/12 2025 May/June mark scheme,normalized
cambridge-international,ial,mathematics,9709,2025-06,9709/13,3,qp,https://www.physicsandmathstutor.com/past-papers/a-level-maths-papers/,https://pmt.physicsandmathstutor.com/download/Maths/A-level/Papers/CIE/CAIE/Pure-1/QP/June%202025%20(v3)%20QP.pdf,Cambridge International AS & A Level Cambridge International AS & A Level Mathematics (9709) 9709/13 2025 May/June question paper,normalized
cambridge-international,ial,mathematics,9709,2025-06,9709/13,3,ms,https://www.physicsandmathstutor.com/past-papers/a-level-maths-papers/,https://pmt.physicsandmathstutor.com/download/Maths/A-level/Papers/CIE/CAIE/Pure-1/MS/June%202025%20(v3)%20MS.pdf,Cambridge International AS & A Level Cambridge International AS & A Level Mathematics (9709) 9709/13 2025 May/June mark scheme,normalized
cambridge-international,ial,mathematics,9709,2025-06,9709/15,5,qp,https://www.physicsandmathstutor.com/past-papers/a-level-maths-papers/,https://pmt.physicsandmathstutor.com/download/Maths/A-level/Papers/CIE/CAIE/Pure-1/QP/June%202025%20(v5)%20QP.pdf,Cambridge International AS & A Level Cambridge International AS & A Level Mathematics (9709) 9709/15 2025 May/June question paper,normalized
cambridge-international,ial,mathematics,9709,2025-06,9709/15,5,ms,https://www.physicsandmathstutor.com/past-papers/a-level-maths-papers/,https://pmt.physicsandmathstutor.com/download/Maths/A-level/Papers/CIE/CAIE/Pure-1/MS/June%202025%20(v5)%20MS.pdf,Cambridge International AS & A Level Cambridge International AS & A Level Mathematics (9709) 9709/15 2025 May/June mark scheme,normalized
cambridge-international,ial,mathematics,9709,2025-06,9709/21,1,qp,https://www.physicsandmathstutor.com/past-papers/a-level-maths-papers/,https://pmt.physicsandmathstutor.com/download/Maths/A-level/Papers/CIE/CAIE/Pure-2/QP/June%202025%20(v1)%20QP.pdf,Cambridge International AS & A Level Cambridge International AS & A Level Mathematics (9709) 9709/21 2025 May/June question paper,normalized
cambridge-international,ial,mathematics,9709,2025-06,9709/21,1,ms,https://www.physicsandmathstutor.com/past-papers/a-level-maths-papers/,https://pmt.physicsandmathstutor.com/download/Maths/A-level/Papers/CIE/CAIE/Pure-2/MS/June%202025%20(v1)%20MS.pdf,Cambridge International AS & A Level Cambridge International AS & A Level Mathematics (9709) 9709/21 2025 May/June mark scheme,normalized
cambridge-international,ial,mathematics,9709,2025-06,9709/22,2,qp,https://www.physicsandmathstutor.com/past-papers/a-level-maths-papers/,https://pmt.physicsandmathstutor.com/download/Maths/A-level/Papers/CIE/CAIE/Pure-2/QP/June%202025%20(v2)%20QP.pdf,Cambridge International AS & A Level Cambridge International AS & A Level Mathematics (9709) 9709/22 2025 May/June question paper,normalized
cambridge-international,ial,mathematics,9709,2025-06,9709/22,2,ms,https://www.physicsandmathstutor.com/past-papers/a-level-maths-papers/,https://pmt.physicsandmathstutor.com/download/Maths/A-level/Papers/CIE/CAIE/Pure-2/MS/June%202025%20(v2)%20MS.pdf,Cambridge International AS & A Level Cambridge International AS & A Level Mathematics (9709) 9709/22 2025 May/June mark scheme,normalized
cambridge-international,ial,mathematics,9709,2025-06,9709/23,3,qp,https://www.physicsandmathstutor.com/past-papers/a-level-maths-papers/,https://pmt.physicsandmathstutor.com/download/Maths/A-level/Papers/CIE/CAIE/Pure-2/QP/June%202025%20(v3)%20QP.pdf,Cambridge International AS & A Level Cambridge International AS & A Level Mathematics (9709) 9709/23 2025 May/June question paper,normalized
cambridge-international,ial,mathematics,9709,2025-06,9709/23,3,ms,https://www.physicsandmathstutor.com/past-papers/a-level-maths-papers/,https://pmt.physicsandmathstutor.com/download/Maths/A-level/Papers/CIE/CAIE/Pure-2/MS/June%202025%20(v3)%20MS.pdf,Cambridge International AS & A Level Cambridge International AS & A Level Mathematics (9709) 9709/23 2025 May/June mark scheme,normalized
cambridge-international,ial,mathematics,9709,2025-06,9709/25,5,qp,https://www.physicsandmathstutor.com/past-papers/a-level-maths-papers/,https://pmt.physicsandmathstutor.com/download/Maths/A-level/Papers/CIE/CAIE/Pure-2/QP/June%202025%20(v5)%20QP.pdf,Cambridge International AS & A Level Cambridge International AS & A Level Mathematics (9709) 9709/25 2025 May/June question paper,normalized
cambridge-international,ial,mathematics,9709,2025-06,9709/25,5,ms,https://www.physicsandmathstutor.com/past-papers/a-level-maths-papers/,https://pmt.physicsandmathstutor.com/download/Maths/A-level/Papers/CIE/CAIE/Pure-2/MS/June%202025%20(v5)%20MS.pdf,Cambridge International AS & A Level Cambridge International AS & A Level Mathematics (9709) 9709/25 2025 May/June mark scheme,normalized
cambridge-international,ial,mathematics,9709,2025-06,9709/31,1,qp,https://www.physicsandmathstutor.com/past-papers/a-level-maths-papers/,https://pmt.physicsandmathstutor.com/download/Maths/A-level/Papers/CIE/CAIE/Pure-3/QP/June%202025%20(v1)%20QP.pdf,Cambridge International AS & A Level Cambridge International AS & A Level Mathematics (9709) 9709/31 2025 May/June question paper,normalized
cambridge-international,ial,mathematics,9709,2025-06,9709/31,1,ms,https://www.physicsandmathstutor.com/past-papers/a-level-maths-papers/,https://pmt.physicsandmathstutor.com/download/Maths/A-level/Papers/CIE/CAIE/Pure-3/MS/June%202025%20(v1)%20MS.pdf,Cambridge International AS & A Level Cambridge International AS & A Level Mathematics (9709) 9709/31 2025 May/June mark scheme,normalized
cambridge-international,ial,mathematics,9709,2025-06,9709/32,2,qp,https://www.physicsandmathstutor.com/past-papers/a-level-maths-papers/,https://pmt.physicsandmathstutor.com/download/Maths/A-level/Papers/CIE/CAIE/Pure-3/QP/June%202025%20(v2)%20QP.pdf,Cambridge International AS & A Level Cambridge International AS & A Level Mathematics (9709) 9709/32 2025 May/June question paper,normalized
cambridge-international,ial,mathematics,9709,2025-06,9709/32,2,ms,https://www.physicsandmathstutor.com/past-papers/a-level-maths-papers/,https://pmt.physicsandmathstutor.com/download/Maths/A-level/Papers/CIE/CAIE/Pure-3/MS/June%202025%20(v2)%20MS.pdf,Cambridge International AS & A Level Cambridge International AS & A Level Mathematics (9709) 9709/32 2025 May/June mark scheme,normalized
cambridge-international,ial,mathematics,9709,2025-06,9709/33,3,qp,https://www.physicsandmathstutor.com/past-papers/a-level-maths-papers/,https://pmt.physicsandmathstutor.com/download/Maths/A-level/Papers/CIE/CAIE/Pure-3/QP/June%202025%20(v3)%20QP.pdf,Cambridge International AS & A Level Cambridge International AS & A Level Mathematics (9709) 9709/33 2025 May/June question paper,normalized
cambridge-international,ial,mathematics,9709,2025-06,9709/33,3,ms,https://www.physicsandmathstutor.com/past-papers/a-level-maths-papers/,https://pmt.physicsandmathstutor.com/download/Maths/A-level/Papers/CIE/CAIE/Pure-3/MS/June%202025%20(v3)%20MS.pdf,Cambridge International AS & A Level Cambridge International AS & A Level Mathematics (9709) 9709/33 2025 May/June mark scheme,normalized
cambridge-international,ial,mathematics,9709,2025-06,9709/35,5,qp,https://www.physicsandmathstutor.com/past-papers/a-level-maths-papers/,https://pmt.physicsandmathstutor.com/download/Maths/A-level/Papers/CIE/CAIE/Pure-3/QP/June%202025%20(v5)%20QP.pdf,Cambridge International AS & A Level Cambridge International AS & A Level Mathematics (9709) 9709/35 2025 May/June question paper,normalized
cambridge-international,ial,mathematics,9709,2025-06,9709/35,5,ms,https://www.physicsandmathstutor.com/past-papers/a-level-maths-papers/,https://pmt.physicsandmathstutor.com/download/Maths/A-level/Papers/CIE/CAIE/Pure-3/MS/June%202025%20(v5)%20MS.pdf,Cambridge International AS & A Level Cambridge International AS & A Level Mathematics (9709) 9709/35 2025 May/June mark scheme,normalized
cambridge-international,ial,mathematics,9709,2025-06,9709/41,1,qp,https://www.physicsandmathstutor.com/past-papers/a-level-maths-papers/,https://pmt.physicsandmathstutor.com/download/Maths/A-level/Papers/CIE/CAIE/Mechanics-1/QP/June%202025%20(v1)%20QP.pdf,Cambridge International AS & A Level Cambridge International AS & A Level Mathematics (9709) 9709/41 2025 May/June question paper,normalized
cambridge-international,ial,mathematics,9709,2025-06,9709/41,1,ms,https://www.physicsandmathstutor.com/past-papers/a-level-maths-papers/,https://pmt.physicsandmathstutor.com/download/Maths/A-level/Papers/CIE/CAIE/Mechanics-1/MS/June%202025%20(v1)%20MS.pdf,Cambridge International AS & A Level Cambridge International AS & A Level Mathematics (9709) 9709/41 2025 May/June mark scheme,normalized
cambridge-international,ial,mathematics,9709,2025-06,9709/42,2,qp,https://www.physicsandmathstutor.com/past-papers/a-level-maths-papers/,https://pmt.physicsandmathstutor.com/download/Maths/A-level/Papers/CIE/CAIE/Mechanics-1/QP/June%202025%20(v2)%20QP.pdf,Cambridge International AS & A Level Cambridge International AS & A Level Mathematics (9709) 9709/42 2025 May/June question paper,normalized
cambridge-international,ial,mathematics,9709,2025-06,9709/42,2,ms,https://www.physicsandmathstutor.com/past-papers/a-level-maths-papers/,https://pmt.physicsandmathstutor.com/download/Maths/A-level/Papers/CIE/CAIE/Mechanics-1/MS/June%202025%20(v2)%20MS.pdf,Cambridge International AS & A Level Cambridge International AS & A Level Mathematics (9709) 9709/42 2025 May/June mark scheme,normalized
cambridge-international,ial,mathematics,9709,2025-06,9709/43,3,qp,https://www.physicsandmathstutor.com/past-papers/a-level-maths-papers/,https://pmt.physicsandmathstutor.com/download/Maths/A-level/Papers/CIE/CAIE/Mechanics-1/QP/June%202025%20(v3)%20QP.pdf,Cambridge International AS & A Level Cambridge International AS & A Level Mathematics (9709) 9709/43 2025 May/June question paper,normalized
cambridge-international,ial,mathematics,9709,2025-06,9709/43,3,ms,https://www.physicsandmathstutor.com/past-papers/a-level-maths-papers/,https://pmt.physicsandmathstutor.com/download/Maths/A-level/Papers/CIE/CAIE/Mechanics-1/MS/June%202025%20(v3)%20MS.pdf,Cambridge International AS & A Level Cambridge International AS & A Level Mathematics (9709) 9709/43 2025 May/June mark scheme,normalized
cambridge-international,ial,mathematics,9709,2025-06,9709/45,5,qp,https://www.physicsandmathstutor.com/past-papers/a-level-maths-papers/,https://pmt.physicsandmathstutor.com/download/Maths/A-level/Papers/CIE/CAIE/Mechanics-1/QP/June%202025%20(v5)%20QP.pdf,Cambridge International AS & A Level Cambridge International AS & A Level Mathematics (9709) 9709/45 2025 May/June question paper,normalized
cambridge-international,ial,mathematics,9709,2025-06,9709/45,5,ms,https://www.physicsandmathstutor.com/past-papers/a-level-maths-papers/,https://pmt.physicsandmathstutor.com/download/Maths/A-level/Papers/CIE/CAIE/Mechanics-1/MS/June%202025%20(v5)%20MS.pdf,Cambridge International AS & A Level Cambridge International AS & A Level Mathematics (9709) 9709/45 2025 May/June mark scheme,normalized
cambridge-international,ial,mathematics,9709,2025-06,9709/51,1,qp,https://www.physicsandmathstutor.com/past-papers/a-level-maths-papers/,https://pmt.physicsandmathstutor.com/download/Maths/A-level/Papers/CIE/CAIE/Statistics-1/QP/June%202025%20(v1)%20QP.pdf,Cambridge International AS & A Level Cambridge International AS & A Level Mathematics (9709) 9709/51 2025 May/June question paper,normalized
cambridge-international,ial,mathematics,9709,2025-06,9709/51,1,ms,https://www.physicsandmathstutor.com/past-papers/a-level-maths-papers/,https://pmt.physicsandmathstutor.com/download/Maths/A-level/Papers/CIE/CAIE/Statistics-1/MS/June%202025%20(v1)%20MS.pdf,Cambridge International AS & A Level Cambridge International AS & A Level Mathematics (9709) 9709/51 2025 May/June mark scheme,normalized
cambridge-international,ial,mathematics,9709,2025-06,9709/52,2,qp,https://www.physicsandmathstutor.com/past-papers/a-level-maths-papers/,https://pmt.physicsandmathstutor.com/download/Maths/A-level/Papers/CIE/CAIE/Statistics-1/QP/June%202025%20(v2)%20QP.pdf,Cambridge International AS & A Level Cambridge International AS & A Level Mathematics (9709) 9709/52 2025 May/June question paper,normalized
cambridge-international,ial,mathematics,9709,2025-06,9709/52,2,ms,https://www.physicsandmathstutor.com/past-papers/a-level-maths-papers/,https://pmt.physicsandmathstutor.com/download/Maths/A-level/Papers/CIE/CAIE/Statistics-1/MS/June%202025%20(v2)%20MS.pdf,Cambridge International AS & A Level Cambridge International AS & A Level Mathematics (9709) 9709/52 2025 May/June mark scheme,normalized
cambridge-international,ial,mathematics,9709,2025-06,9709/53,3,qp,https://www.physicsandmathstutor.com/past-papers/a-level-maths-papers/,https://pmt.physicsandmathstutor.com/download/Maths/A-level/Papers/CIE/CAIE/Statistics-1/QP/June%202025%20(v3)%20QP.pdf,Cambridge International AS & A Level Cambridge International AS & A Level Mathematics (9709) 9709/53 2025 May/June question paper,normalized
cambridge-international,ial,mathematics,9709,2025-06,9709/53,3,ms,https://www.physicsandmathstutor.com/past-papers/a-level-maths-papers/,https://pmt.physicsandmathstutor.com/download/Maths/A-level/Papers/CIE/CAIE/Statistics-1/MS/June%202025%20(v3)%20MS.pdf,Cambridge International AS & A Level Cambridge International AS & A Level Mathematics (9709) 9709/53 2025 May/June mark scheme,normalized
cambridge-international,ial,mathematics,9709,2025-06,9709/55,5,qp,https://www.physicsandmathstutor.com/past-papers/a-level-maths-papers/,https://pmt.physicsandmathstutor.com/download/Maths/A-level/Papers/CIE/CAIE/Statistics-1/QP/June%202025%20(v5)%20QP.pdf,Cambridge International AS & A Level Cambridge International AS & A Level Mathematics (9709) 9709/55 2025 May/June question paper,normalized
cambridge-international,ial,mathematics,9709,2025-06,9709/55,5,ms,https://www.physicsandmathstutor.com/past-papers/a-level-maths-papers/,https://pmt.physicsandmathstutor.com/download/Maths/A-level/Papers/CIE/CAIE/Statistics-1/MS/June%202025%20(v5)%20MS.pdf,Cambridge International AS & A Level Cambridge International AS & A Level Mathematics (9709) 9709/55 2025 May/June mark scheme,normalized
cambridge-international,ial,mathematics,9709,2025-06,9709/61,1,qp,https://www.physicsandmathstutor.com/past-papers/a-level-maths-papers/,https://pmt.physicsandmathstutor.com/download/Maths/A-level/Papers/CIE/CAIE/Statistics-2/QP/June%202025%20(v1)%20QP.pdf,Cambridge International AS & A Level Cambridge International AS & A Level Mathematics (9709) 9709/61 2025 May/June question paper,normalized
cambridge-international,ial,mathematics,9709,2025-06,9709/61,1,ms,https://www.physicsandmathstutor.com/past-papers/a-level-maths-papers/,https://pmt.physicsandmathstutor.com/download/Maths/A-level/Papers/CIE/CAIE/Statistics-2/MS/June%202025%20(v1)%20MS.pdf,Cambridge International AS & A Level Cambridge International AS & A Level Mathematics (9709) 9709/61 2025 May/June mark scheme,normalized
cambridge-international,ial,mathematics,9709,2025-06,9709/62,2,qp,https://www.physicsandmathstutor.com/past-papers/a-level-maths-papers/,https://pmt.physicsandmathstutor.com/download/Maths/A-level/Papers/CIE/CAIE/Statistics-2/QP/June%202025%20(v2)%20QP.pdf,Cambridge International AS & A Level Cambridge International AS & A Level Mathematics (9709) 9709/62 2025 May/June question paper,normalized
cambridge-international,ial,mathematics,9709,2025-06,9709/62,2,ms,https://www.physicsandmathstutor.com/past-papers/a-level-maths-papers/,https://pmt.physicsandmathstutor.com/download/Maths/A-level/Papers/CIE/CAIE/Statistics-2/MS/June%202025%20(v2)%20MS.pdf,Cambridge International AS & A Level Cambridge International AS & A Level Mathematics (9709) 9709/62 2025 May/June mark scheme,normalized
cambridge-international,ial,mathematics,9709,2025-06,9709/63,3,qp,https://www.physicsandmathstutor.com/past-papers/a-level-maths-papers/,https://pmt.physicsandmathstutor.com/download/Maths/A-level/Papers/CIE/CAIE/Statistics-2/QP/June%202025%20(v3)%20QP.pdf,Cambridge International AS & A Level Cambridge International AS & A Level Mathematics (9709) 9709/63 2025 May/June question paper,normalized
cambridge-international,ial,mathematics,9709,2025-06,9709/63,3,ms,https://www.physicsandmathstutor.com/past-papers/a-level-maths-papers/,https://pmt.physicsandmathstutor.com/download/Maths/A-level/Papers/CIE/CAIE/Statistics-2/MS/June%202025%20(v3)%20MS.pdf,Cambridge International AS & A Level Cambridge International AS & A Level Mathematics (9709) 9709/63 2025 May/June mark scheme,normalized
cambridge-international,ial,mathematics,9709,2025-06,9709/65,5,qp,https://www.physicsandmathstutor.com/past-papers/a-level-maths-papers/,https://pmt.physicsandmathstutor.com/download/Maths/A-level/Papers/CIE/CAIE/Statistics-2/QP/June%202025%20(v5)%20QP.pdf,Cambridge International AS & A Level Cambridge International AS & A Level Mathematics (9709) 9709/65 2025 May/June question paper,normalized
cambridge-international,ial,mathematics,9709,2025-06,9709/65,5,ms,https://www.physicsandmathstutor.com/past-papers/a-level-maths-papers/,https://pmt.physicsandmathstutor.com/download/Maths/A-level/Papers/CIE/CAIE/Statistics-2/MS/June%202025%20(v5)%20MS.pdf,Cambridge International AS & A Level Cambridge International AS & A Level Mathematics (9709) 9709/65 2025 May/June mark scheme,normalized
